ts,buy_count,buy_min,buy_median,buy_max,sell_count,sell_min,sell_median,sell_max,mid_BOB_per_USDT,best_ask,best_bid,spread_abs,spread_pct,median_gap,depth_imbalance,effective_spread_pct,mid_change_abs,mid_change_pct,rolling_24h_vol,rolling_7d_vol
2025-11-08 14:08:55 EST,160,10.67,10.85,20.7,227,6.1,10.4,10.65,10.625,10.67,10.65,0.0199999999999995,0.0018823529411764,0.4499999999999993,-0.1731266149870801,0.0423529411764705,,,,
2025-11-08 15:12:08 EST,175,10.66,10.75,20.7,222,6.1,10.39,10.66,10.57,10.66,10.66,0.0,0.0,0.3599999999999994,-0.1183879093198992,0.0340586565752128,-0.0549999999999997,-0.0051764705882352,,
2025-11-08 16:09:51 EST,198,10.64,10.75,20.7,202,6.1,10.31,10.63,10.53,10.64,10.63,0.0099999999999997,0.0009496676163342,0.4399999999999995,-0.01,0.0417853751187084,-0.0400000000000009,-0.0037842951750237,,
2025-11-08 17:10:32 EST,195,10.6,10.71,20.7,194,6.1,10.25,10.58,10.48,10.6,10.58,0.0199999999999995,0.0019083969465648,0.4600000000000008,0.0025706940874035,0.0438931297709924,-0.0499999999999989,-0.0047483380816713,,
2025-11-08 18:11:11 EST,189,10.59,10.7,20.7,197,6.1,10.3,10.57,10.5,10.59,10.57,0.0199999999999995,0.0019047619047618,0.3999999999999986,-0.0207253886010362,0.0380952380952379,0.0199999999999995,0.0019083969465648,,
2025-11-08 20:01:40 EST,162,10.55,10.71,20.7,179,6.1,10.1,10.55,10.405,10.55,10.55,0.0,0.0,0.6100000000000012,-0.0498533724340175,0.0586256607400289,-0.0950000000000006,-0.0090476190476191,,
2025-11-08 22:07:12 EST,137,10.59,10.79,20.7,177,6.1,10.1,10.56,10.445,10.59,10.56,0.0299999999999993,0.002872187649593,0.6899999999999995,-0.1273885350318471,0.0660603159406414,0.0400000000000009,0.003844305622297,,
2025-11-08 23:15:02 EST,125,10.59,10.79,20.7,137,6.1,10.0,10.55,10.395,10.59,10.55,0.0399999999999991,0.0038480038480037,0.7899999999999991,-0.0458015267175572,0.0759980759980759,-0.0500000000000007,-0.0047869794159885,0.07981004233267248,
2025-11-09 00:12:02 EST,98,10.6,11.114999999999998,20.7,127,6.1,10.0,10.55,10.5575,10.6,10.55,0.0499999999999989,0.0047359696897938,1.1149999999999984,-0.1288888888888889,0.1056121240824057,0.1624999999999996,0.0156325156325156,0.07762087348130055,
2025-11-09 01:17:26 EST,97,10.6,11.0,20.7,127,6.1,10.0,10.55,10.5,10.6,10.55,0.0499999999999989,0.0047619047619046,1.0,-0.1339285714285714,0.0952380952380952,-0.0574999999999992,-0.005446365143263,0.07318213579829479,
2025-11-09 02:11:33 EST,91,10.59,11.2,20.7,126,6.1,10.0,10.55,10.6,10.59,10.55,0.0399999999999991,0.0037735849056602,1.1999999999999993,-0.1612903225806451,0.1132075471698112,0.0999999999999996,0.0095238095238094,0.07560137685133934,
2025-11-09 03:14:19 EST,90,10.59,11.27,20.7,125,6.1,10.0,10.55,10.635,10.59,10.55,0.0399999999999991,0.0037611659614479,1.2699999999999996,-0.1627906976744186,0.1194170192759755,0.0350000000000001,0.0033018867924528,0.08063990054933169,
2025-11-09 04:11:22 EST,88,10.59,11.15,20.7,118,6.1,10.0,10.54,10.575,10.59,10.54,0.0500000000000007,0.0047281323877069,1.1499999999999986,-0.145631067961165,0.1087470449172575,-0.0600000000000005,-0.0056417489421721,0.07868816253463391,
2025-11-09 05:11:25 EST,103,10.59,10.79,20.7,131,6.1,10.0,10.55,10.395,10.59,10.55,0.0399999999999991,0.0038480038480037,0.7899999999999991,-0.1196581196581196,0.0759980759980759,-0.1799999999999997,-0.0170212765957446,0.0831383478913908,
2025-11-09 06:09:42 EST,121,10.58,10.7,20.7,147,6.1,10.0,10.55,10.35,10.58,10.55,0.0299999999999993,0.0028985507246376,0.6999999999999993,-0.0970149253731343,0.0676328502415458,-0.0449999999999999,-0.0043290043290043,0.09075903470703295,
2025-11-09 07:21:16 EST,132,10.56,10.7,20.7,151,6.1,10.0,10.54,10.35,10.56,10.54,0.0200000000000013,0.0019323671497585,0.6999999999999993,-0.0671378091872791,0.0676328502415458,0.0,0.0,0.0957784716154942,
2025-11-09 08:18:43 EST,150,10.51,10.645,20.7,148,6.1,10.0,10.51,10.3225,10.51,10.51,0.0,0.0,0.6449999999999996,0.0067114093959731,0.0624848631629934,-0.0274999999999998,-0.0026570048309178,0.10169089734554025,
2025-11-09 09:09:48 EST,157,10.38,10.61,20.7,150,6.1,10.0,10.41,10.305,10.38,10.41,-0.0299999999999993,-0.0029112081513827,0.6099999999999994,0.022801302931596,0.059194565744784,-0.0175,-0.0016953257447323,0.10733590607073744,
2025-11-09 10:11:00 EST,145,10.49,10.7,20.7,181,6.1,10.0,10.48,10.35,10.49,10.48,0.0099999999999997,0.0009661835748792,0.6999999999999993,-0.1104294478527607,0.0676328502415458,0.0449999999999999,0.0043668122270742,0.10814812102792803,
2025-11-09 11:13:10 EST,149,10.47,10.7,20.7,195,6.1,10.01,10.47,10.355,10.47,10.47,0.0,0.0,0.6899999999999995,-0.1337209302325581,0.066634476098503,0.0050000000000007,0.0004830917874396,0.10824831346686684,
2025-11-09 12:10:04 EST,162,10.47,10.66,20.7,180,6.1,10.0,10.45,10.33,10.47,10.45,0.0200000000000013,0.0019361084220717,0.6600000000000001,-0.0526315789473684,0.063891577928364,-0.0250000000000003,-0.0024142926122646,0.10938314595515902,
2025-11-09 13:15:51 EST,158,10.47,10.66,20.7,186,6.1,10.0,10.45,10.33,10.47,10.45,0.0200000000000013,0.0019361084220717,0.6600000000000001,-0.0813953488372093,0.063891577928364,0.0,0.0,0.11007278190369003,
2025-11-09 14:08:46 EST,158,10.42,10.6,20.7,170,6.1,10.0,10.41,10.3,10.42,10.41,0.0099999999999997,0.0009708737864077,0.5999999999999996,-0.0365853658536585,0.0582524271844659,-0.0299999999999993,-0.0029041626331073,0.11201123514370757,
2025-11-09 15:17:05 EST,160,10.43,10.6,20.7,182,6.1,10.0,10.4,10.3,10.43,10.4,0.0299999999999993,0.0029126213592232,0.5999999999999996,-0.0643274853801169,0.0582524271844659,0.0,0.0,0.1134079704148838,0.1134079704148838
2025-11-09 16:10:02 EST,147,10.46,10.61,20.7,192,6.1,10.075,10.43,10.3425,10.46,10.43,0.0300000000000011,0.0029006526468456,0.5350000000000001,-0.1327433628318584,0.0517283055354121,0.0424999999999986,0.0041262135922328,0.10763720389829642,0.11264130015229748
2025-11-09 17:13:03 EST,156,10.46,10.6,20.7,193,6.1,10.1,10.42,10.35,10.46,10.42,0.0400000000000009,0.0038647342995169,0.5,-0.1060171919770773,0.0483091787439613,0.0075000000000002,0.0007251631617114,0.10414632047672422,0.11158529852159657
2025-11-09 18:11:17 EST,135,10.47,10.7,20.7,211,6.1,10.1,10.47,10.4,10.47,10.47,0.0,0.0,0.5999999999999996,-0.2196531791907514,0.0576923076923076,0.0500000000000007,0.0048309178743962,0.10134417028842486,0.10957750382596475
2025-11-09 20:01:49 EST,139,10.48,10.7,20.7,206,6.1,10.2,10.47,10.45,10.48,10.47,0.0099999999999997,0.000956937799043,0.5,-0.1942028985507246,0.0478468899521531,0.0499999999999989,0.0048076923076922,0.10064325493788807,0.10759866119768575
2025-11-09 22:13:36 EST,95,10.54,11.0,20.7,167,6.1,10.0,10.5,10.5,10.54,10.5,0.0399999999999991,0.0038095238095237,1.0,-0.2748091603053435,0.0952380952380952,0.0500000000000007,0.0047846889952153,0.10064325493788807,0.10645029657259798
2025-11-09 23:20:45 EST,90,10.54,11.0,20.7,134,6.1,10.0,10.49,10.5,10.54,10.49,0.0499999999999989,0.0047619047619046,1.0,-0.1964285714285714,0.0952380952380952,0.0,0.0,0.10228852123325928,0.10531865304000473
2025-11-10 00:13:40 EST,77,10.5,11.38,20.7,126,6.1,10.0,10.49,10.69,10.5,10.49,0.0099999999999997,0.000935453695042,1.3800000000000008,-0.2413793103448276,0.1290926099158092,0.1899999999999995,0.018095238095238,0.11671797849356011,0.11323089931259823
2025-11-10 01:20:48 EST,71,10.53,11.6,20.7,122,6.1,10.0,10.49,10.8,10.53,10.49,0.0399999999999991,0.0037037037037036,1.5999999999999996,-0.2642487046632124,0.1481481481481481,0.1100000000000012,0.0102899906454631,0.1393794070597191,0.1280124653314743
2025-11-10 02:13:22 EST,72,10.53,11.565,20.7,124,6.1,10.0,10.49,10.7825,10.53,10.49,0.0399999999999991,0.0037097148156734,1.5649999999999995,-0.2653061224489796,0.1451425921632274,-0.0175,-0.0016203703703703,0.15431295693342253,0.13834468509465542
2025-11-10 03:19:23 EST,67,10.53,11.7,20.7,120,6.1,10.0,10.49,10.85,10.53,10.49,0.0399999999999991,0.0036866359447003,1.6999999999999993,-0.2834224598930481,0.1566820276497695,0.067499999999999,0.006260143751449,0.17442059232029458,0.15144638368123794
2025-11-10 04:16:09 EST,75,10.53,11.56,20.7,121,6.1,10.0,10.49,10.78,10.53,10.49,0.0399999999999991,0.0037105751391464,1.5600000000000005,-0.2346938775510204,0.1447124304267162,-0.0700000000000002,-0.0064516129032258,0.18407595190257917,0.15782595988444142
2025-11-10 05:15:37 EST,99,10.51,11.09,20.7,125,6.1,10.0,10.49,10.545,10.51,10.49,0.0199999999999995,0.0018966334755808,1.09,-0.1160714285714285,0.1033665244191559,-0.2349999999999994,-0.021799628942486,0.1815228144223121,0.15588374534726832
2025-11-10 06:11:22 EST,108,10.46,11.0,20.7,148,6.1,10.0,10.49,10.5,10.46,10.49,-0.0299999999999993,-0.0028571428571427,1.0,-0.15625,0.0952380952380952,-0.0449999999999999,-0.0042674253200568,0.18025718216208353,0.1537207454040199
2025-11-10 07:25:43 EST,129,10.46,10.68,20.7,170,6.1,10.01,10.49,10.345,10.46,10.49,-0.0299999999999993,-0.0028999516674721,0.6699999999999999,-0.1371237458193979,0.0647655872402126,-0.1549999999999993,-0.0147619047619047,0.1813955250374806,0.15335322607884985
2025-11-10 08:26:38 EST,147,10.46,10.61,20.7,191,6.1,10.1,10.49,10.355,10.46,10.49,-0.0299999999999993,-0.0028971511347174,0.5099999999999998,-0.1301775147928994,0.0492515692901979,0.0099999999999997,0.000966650555824,0.18126214976769378,0.152695859934137
2025-11-10 09:13:19 EST,162,10.45,10.6,20.7,197,6.1,10.1,10.45,10.35,10.45,10.45,0.0,0.0,0.5,-0.0974930362116991,0.0483091787439613,-0.0050000000000007,-0.0004828585224529,0.18126214976769378,0.1521069440752045
2025-11-10 10:14:41 EST,199,10.44,10.53,20.7,195,6.1,10.1,10.43,10.315,10.44,10.43,0.0099999999999997,0.0009694619486184,0.4299999999999997,0.0101522842639593,0.0416868637905961,-0.0350000000000001,-0.0033816425120773,0.18152272085996798,0.15228693632616597
2025-11-10 11:16:28 EST,211,10.43,10.51,20.7,191,6.1,10.1,10.4,10.305,10.43,10.4,0.0299999999999993,0.0029112081513827,0.4100000000000001,0.0497512437810945,0.0397865114022319,-0.0099999999999997,-0.0009694619486184,0.18152272085996798,0.15261469668612945
2025-11-10 12:12:16 EST,189,10.39,10.52,20.7,187,6.1,10.02,10.38,10.27,10.39,10.38,0.0099999999999997,0.0009737098344693,0.5,0.0053191489361702,0.0486854917234664,-0.0350000000000001,-0.0033964095099466,0.18440992361458292,0.15378682517335235
2025-11-10 13:18:31 EST,208,10.23,10.48,20.7,144,6.1,10.0,10.39,10.24,10.23,10.39,-0.1600000000000001,-0.015625,0.4800000000000004,0.1818181818181818,0.046875,-0.0299999999999993,-0.0029211295034079,0.1887065047303254,0.15568147096456716
2025-11-10 14:10:33 EST,206,10.23,10.465,20.7,179,6.1,10.0,10.29,10.2325,10.23,10.29,-0.0599999999999987,-0.0058636696799412,0.4649999999999998,0.0701298701298701,0.0454434400195455,-0.0075000000000002,-0.000732421875,0.1925345524702713,0.15754725120939567
2025-11-10 15:14:57 EST,211,10.15,10.43,20.7,167,6.1,9.9,10.29,10.165,10.15,10.29,-0.1399999999999988,-0.0137727496310869,0.5299999999999994,0.1164021164021164,0.0521396950319724,-0.0675000000000007,-0.0065966283899341,0.19986269630220782,0.16148979006329187
2025-11-10 16:11:55 EST,168,10.11,10.475,20.7,195,6.1,10.0,10.39,10.2375,10.11,10.39,-0.2800000000000011,-0.0273504273504274,0.4750000000000014,-0.0743801652892562,0.0463980463980465,0.0725000000000015,0.0071323167732416,0.20222035172596764,0.1626280716404044
2025-11-10 17:12:45 EST,174,10.19,10.49,20.7,218,6.1,10.0,10.3,10.245,10.19,10.3,-0.1100000000000012,-0.010736944851147,0.4900000000000002,-0.1122448979591836,0.0478282088823816,0.0074999999999985,0.0007326007326005,0.2042000120654659,0.16340131247465492
2025-11-10 18:12:16 EST,152,10.25,10.5,20.7,208,6.1,10.0,10.3,10.25,10.25,10.3,-0.0500000000000007,-0.0048780487804878,0.5,-0.1555555555555555,0.048780487804878,0.0050000000000007,0.0004880429477794,0.2069662847551806,0.16392074172088972
2025-11-10 19:59:52 EST,162,10.22,10.45,20.7,190,6.1,10.0,11.0,10.225,10.22,11.0,-0.7799999999999994,-0.076283618581907,0.4499999999999993,-0.0795454545454545,0.0440097799511001,-0.0250000000000003,-0.0024390243902439,0.2107556012544984,0.16493007176203095
2025-11-10 21:44:33 EST,152,10.19,10.415,20.7,168,6.1,10.0,10.16,10.2075,10.19,10.16,0.0299999999999993,0.0029390154298309,0.4149999999999991,-0.05,0.0406563801126621,-0.0175,-0.0017114914425427,0.21557556931841038,0.16623430192729483
2025-11-10 22:42:07 EST,137,10.19,10.48,20.7,138,6.1,9.875,10.15,10.1775,10.19,10.15,0.0399999999999991,0.003930238270695,0.6050000000000004,-0.0036363636363636,0.0594448538442643,-0.0299999999999993,-0.0029390154298309,0.22116782331261675,0.16817164591181205
2025-11-10 23:17:23 EST,126,10.19,10.475,20.7,134,6.1,9.815,10.15,10.145,10.19,10.15,0.0399999999999991,0.0039428289797929,0.6600000000000001,-0.0307692307692307,0.0650566781665845,-0.0325000000000006,-0.0031933185949398,0.2267671895198994,0.17082071590159134
2025-11-11 00:13:40 EST,114,10.15,10.5,20.7,140,6.1,9.875,10.15,10.1875,10.15,10.15,0.0,0.0,0.625,-0.1023622047244094,0.0613496932515337,0.0425000000000004,0.0041892557910301,0.22951232166727317,0.17204059664445678
2025-11-11 01:20:10 EST,109,10.11,10.5,20.7,129,6.1,9.8,10.22,10.15,10.11,10.22,-0.1100000000000012,-0.0108374384236454,0.6999999999999993,-0.0840336134453781,0.0689655172413792,-0.0374999999999996,-0.0036809815950919,0.22455713259013174,0.17406274991821488
2025-11-11 02:13:30 EST,108,10.2,10.51,20.7,131,6.1,9.83,10.15,10.17,10.2,10.15,0.0499999999999989,0.0049164208456242,0.6799999999999997,-0.0962343096234309,0.0668633235004916,0.0199999999999995,0.0019704433497536,0.2071345218570005,0.175362235259462
2025-11-11 03:17:19 EST,103,10.19,10.6,20.7,130,6.1,9.815,10.15,10.2075,10.19,10.15,0.0399999999999991,0.0039186872397745,0.7849999999999984,-0.1158798283261802,0.0769042370805778,0.0374999999999996,0.0036873156342182,0.18516187101631276,0.1757078304970928
2025-11-11 04:14:01 EST,103,10.2,10.52,20.7,132,6.1,9.9,10.15,10.21,10.2,10.15,0.0499999999999989,0.0048971596474044,0.6199999999999992,-0.1234042553191489,0.0607247796278157,0.0025000000000012,0.000244917952486,0.14606229438352866,0.17592938761130117
2025-11-11 05:14:24 EST,115,10.17,10.45,20.7,146,6.1,10.0,10.15,10.225,10.17,10.15,0.0199999999999995,0.0019559902200488,0.4499999999999993,-0.1187739463601532,0.0440097799511001,0.0149999999999987,0.0014691478942212,0.10113934282299664,0.17582610599672302
2025-11-11 06:11:31 EST,143,10.15,10.3,20.7,147,6.1,9.96,10.15,10.13,10.15,10.15,0.0,0.0,0.3399999999999998,-0.0137931034482758,0.033563672260612,-0.0949999999999988,-0.0092909535452321,0.08456061842493112,0.17761496634908483
2025-11-11 07:24:47 EST,149,10.16,10.32,20.7,175,6.1,10.0,10.14,10.16,10.16,10.14,0.0199999999999995,0.0019685039370078,0.3200000000000003,-0.0802469135802469,0.031496062992126,0.0299999999999993,0.0029615004935833,0.06621871697837318,0.17855245781354268
2025-11-11 08:26:33 EST,168,10.04,10.235,20.7,166,6.1,9.8,10.1,10.0175,10.04,10.1,-0.0600000000000005,-0.0059895183428999,0.4349999999999987,0.0059880239520958,0.0434240079860243,-0.1425,-0.0140255905511811,0.07457298426296946,0.18313815518397136
2025-11-11 09:12:50 EST,184,10.03,10.225,20.7,176,6.1,9.77,10.1,9.9975,10.03,10.1,-0.0700000000000002,-0.0070017504376094,0.4550000000000018,0.0222222222222222,0.0455113778444613,-0.0199999999999995,-0.0019965061142999,0.08097458896451451,0.18791654532848523
2025-11-11 10:13:48 EST,191,10.02,10.2,20.7,180,6.1,9.7,10.05,9.95,10.02,10.05,-0.0300000000000011,-0.0030150753768845,0.5,0.0296495956873315,0.050251256281407,-0.0475000000000012,-0.0047511877969493,0.08963896991564219,0.19378140746461822
2025-11-11 11:15:51 EST,200,9.93,10.165,20.7,150,6.1,9.5,10.05,9.8325,9.93,10.05,-0.120000000000001,-0.0122044241037377,0.6649999999999991,0.1428571428571428,0.0676328502415458,-0.1174999999999997,-0.0118090452261306,0.11066207006016691,0.2033563918724582
2025-11-11 12:11:49 EST,132,10.03,10.5,20.7,201,6.1,9.72,10.05,10.11,10.03,10.05,-0.0200000000000013,-0.0019782393669635,0.7799999999999994,-0.2072072072072072,0.0771513353115726,0.2774999999999998,0.0282227307398931,0.10696101611050929,0.20408985877437816
2025-11-11 13:18:11 EST,172,10.07,10.25,20.7,215,6.1,9.8,12.0,10.025,10.07,12.0,-1.93,-0.1925187032418952,0.4499999999999993,-0.1111111111111111,0.0448877805486283,-0.084999999999999,-0.0084075173095943,0.10729246693103064,0.20650323495538203
2025-11-11 14:10:35 EST,154,10.08,10.305,20.7,239,6.1,9.85,10.09,10.0775,10.08,10.09,-0.0099999999999997,-0.0009923096005953,0.455,-0.2162849872773536,0.04515008682709,0.0525000000000002,0.0052369077306733,0.10620661944763214,0.20759823192867605
2025-11-11 15:13:55 EST,150,10.13,10.35,20.7,219,6.1,9.87,10.22,10.11,10.13,10.22,-0.0899999999999998,-0.0089020771513352,0.4800000000000004,-0.1869918699186991,0.0474777448071217,0.0324999999999988,0.0032250062019348,0.10444464720468717,0.2080111169790486
2025-11-11 16:11:40 EST,164,10.17,10.3,20.7,233,6.1,9.9,10.22,10.1,10.17,10.22,-0.0500000000000007,-0.004950495049505,0.4000000000000003,-0.1738035264483627,0.0396039603960396,-0.0099999999999997,-0.0009891196834816,0.10444464720468724,0.2085194903283409
2025-11-11 17:12:33 EST,166,10.17,10.285,20.7,224,6.1,9.89,10.22,10.0875,10.17,10.22,-0.0500000000000007,-0.0049566294919455,0.3949999999999996,-0.1487179487179487,0.0391573729863692,-0.0124999999999992,-0.0012376237623761,0.10226903768414973,0.20916284222443665
2025-11-11 18:11:33 EST,168,10.15,10.28,20.7,213,6.1,9.88,10.19,10.08,10.15,10.19,-0.0399999999999991,-0.0039682539682538,0.3999999999999986,-0.1181102362204724,0.0396825396825395,-0.0075000000000002,-0.0007434944237918,0.09934836371672102,0.2098529991446397
2025-11-11 19:59:41 EST,182,10.1,10.21,20.7,191,6.1,9.8,10.07,10.005,10.1,10.07,0.0299999999999993,0.0029985007496251,0.4100000000000001,-0.0241286863270777,0.0409795102448775,-0.0749999999999992,-0.0074404761904761,0.09777223004203592,0.21187110920086105
2025-11-11 21:43:07 EST,195,10.06,10.2,20.7,184,6.1,9.75,10.05,9.975,10.06,10.05,0.0099999999999997,0.0010025062656641,0.4499999999999993,0.0290237467018469,0.0451127819548871,-0.0300000000000011,-0.0029985007496253,0.09806131391243629,0.21436330272541995
2025-11-11 22:40:45 EST,149,10.07,10.25,20.7,158,6.1,9.5,10.02,9.875,10.07,10.02,0.0500000000000007,0.0050632911392405,0.75,-0.0293159609120521,0.0759493670886076,-0.0999999999999996,-0.0100250626566415,0.10506705071014909,0.21909163412632693
2025-11-11 23:16:49 EST,135,10.07,10.26,20.7,146,6.1,9.5,10.03,9.88,10.07,10.03,0.0400000000000009,0.0040485829959515,0.7599999999999998,-0.0391459074733096,0.0769230769230769,0.0050000000000007,0.0005063291139241,0.11088816135959523,0.22331345240785638
2025-11-12 00:13:51 EST,110,10.08,10.33,20.7,134,6.1,9.5,10.03,9.915,10.08,10.03,0.0500000000000007,0.0050428643469491,0.8300000000000001,-0.0983606557377049,0.0837115481593545,0.0349999999999983,0.0035425101214573,0.11411953234676771,0.22637904736552927
2025-11-12 01:19:37 EST,101,10.08,10.43,20.7,126,6.1,9.45,10.02,9.94,10.08,10.02,0.0600000000000005,0.0060362173038229,0.9800000000000004,-0.1101321585903083,0.0985915492957747,0.0250000000000003,0.0025214321734745,0.11342494166322427,0.22868388965326464
2025-11-12 02:13:06 EST,99,10.09,10.43,20.7,127,6.1,9.5,10.02,9.965,10.09,10.02,0.0700000000000002,0.0070245860511791,0.9299999999999996,-0.1238938053097345,0.0933266432513798,0.0250000000000003,0.0025150905432595,0.11270613160538669,0.2303364159051889
2025-11-12 03:18:31 EST,98,10.08,10.515,20.7,126,6.1,9.5,10.01,10.0075,10.08,10.01,0.0700000000000002,0.0069947539345491,1.0150000000000006,-0.125,0.1014239320509618,0.0425000000000004,0.0042649272453587,0.1096176139415256,0.23114721458440007
2025-11-12 04:15:09 EST,103,10.08,10.31,20.7,126,6.1,9.5,10.01,9.905,10.08,10.01,0.0700000000000002,0.0070671378091873,0.8100000000000005,-0.1004366812227074,0.0817768803634528,-0.1025000000000009,-0.0102423182613041,0.10647939856536594,0.2337112267307673
2025-11-12 05:14:41 EST,115,10.08,10.3,20.7,144,6.1,9.5,10.02,9.9,10.08,10.02,0.0600000000000005,0.0060606060606061,0.8000000000000007,-0.1119691119691119,0.0808080808080808,-0.004999999999999,-0.0005047955577989,0.10164944021318367,0.2361898880220201
2025-11-12 06:11:09 EST,143,10.06,10.27,20.7,188,6.1,9.76,10.1,10.015,10.06,10.1,-0.0399999999999991,-0.0039940089865201,0.5099999999999998,-0.1359516616314199,0.0509236145781327,0.1150000000000002,0.0116161616161616,0.0909222075517767,0.23658943950584357
2025-11-12 07:26:02 EST,160,10.05,10.245,20.7,210,6.1,9.85,10.04,10.0475,10.05,10.04,0.0100000000000015,0.0009952724558349,0.3950000000000013,-0.1351351351351351,0.0393132620054741,0.0324999999999988,0.0032451323015475,0.0873828796907315,0.23652843330842743
2025-11-12 08:28:27 EST,174,10.06,10.195,20.7,219,6.1,9.9,10.04,10.0475,10.06,10.04,0.0200000000000013,0.0019905449116697,0.2949999999999999,-0.1145038167938931,0.0293605374471261,0.0,0.0,0.0811709481655124,0.2364371285485904
2025-11-12 09:13:51 EST,185,10.04,10.19,20.7,208,6.1,9.87,10.03,10.03,10.04,10.03,0.0099999999999997,0.0009970089730807,0.3199999999999985,-0.0585241730279898,0.0319042871385841,-0.0175,-0.0017417267977108,0.08136565069069493,0.2365208956158581
2025-11-12 10:14:38 EST,197,10.04,10.18,20.7,234,6.1,9.9,10.03,10.04,10.04,10.03,0.0099999999999997,0.0009960159362549,0.2799999999999993,-0.0858468677494199,0.0278884462151393,0.0099999999999997,0.0009970089730807,0.08188561304154568,0.23645400580055467
2025-11-12 11:17:22 EST,171,10.05,10.21,20.7,253,6.1,9.9,10.04,10.055,10.05,10.04,0.0100000000000015,0.0009945300845352,0.3100000000000005,-0.1933962264150943,0.0308304326205868,0.0150000000000005,0.0014940239043825,0.0820886208110968,0.2361991681228868
2025-11-12 12:12:54 EST,190,10.05,10.19,20.7,243,6.1,9.9,10.04,10.045,10.05,10.04,0.0100000000000015,0.0009955201592833,0.2899999999999991,-0.1224018475750577,0.0288700846192134,-0.0099999999999997,-0.000994530084535,0.07420037196184924,0.23602856168924805
2025-11-12 13:18:43 EST,169,10.07,10.2,20.7,255,6.1,9.91,10.09,10.055,10.07,10.09,-0.0199999999999995,-0.00198906016907,0.2899999999999991,-0.2028301886792453,0.0288413724515165,0.0099999999999997,0.0009955201592832,0.0717842448450384,0.2357348393468768
2025-11-12 14:10:51 EST,145,10.07,10.35,20.7,279,6.5,9.95,10.13,10.15,10.07,10.13,-0.0600000000000005,-0.0059113300492611,0.4000000000000003,-0.3160377358490566,0.0394088669950739,0.0950000000000006,0.0094480358030831,0.07741514463957744,0.23471595529560804
2025-11-12 15:14:36 EST,155,10.12,10.27,20.7,229,6.5,9.9,10.1,10.085,10.12,10.1,0.0199999999999995,0.001983143282102,0.3699999999999992,-0.1927083333333333,0.0366881507188893,-0.0649999999999995,-0.0064039408866994,0.07770222564101174,0.23414186087263497
2025-11-12 16:12:09 EST,176,10.12,10.205,20.7,250,6.5,9.95,10.11,10.0775,10.12,10.11,0.0099999999999997,0.0009923096005953,0.2550000000000008,-0.1737089201877934,0.0253038948151824,-0.0075000000000002,-0.0007436787307883,0.07620937680049822,0.2336249252868532
2025-11-12 17:12:32 EST,149,10.13,10.27,20.7,246,6.5,9.95,10.12,10.11,10.13,10.12,0.0100000000000015,0.0009891196834818,0.3200000000000003,-0.2455696202531645,0.0316518298714144,0.0324999999999988,0.0032250062019348,0.07673823553796205,0.232859723673724
2025-11-12 18:12:17 EST,154,10.15,10.23,20.7,236,6.5,9.925,10.13,10.0775,10.15,10.13,0.0199999999999995,0.0019846192011907,0.3049999999999997,-0.2102564102564102,0.0302654428181592,-0.0324999999999988,-0.0032146389713154,0.07633763377071379,0.23233626487830908
2025-11-12 19:59:44 EST,154,10.11,10.21,20.7,216,6.5,9.9,10.15,10.055,10.11,10.15,-0.0400000000000009,-0.0039781203381403,0.3100000000000005,-0.1675675675675675,0.0308304326205868,-0.0225000000000008,-0.0022326966013397,0.07553245475301298,0.23199718667947938
2025-11-12 21:45:48 EST,131,10.11,10.25,20.7,204,6.5,9.9,10.15,10.075,10.11,10.15,-0.0400000000000009,-0.0039702233250621,0.3499999999999996,-0.217910447761194,0.0347394540942927,0.0199999999999995,0.00198906016907,0.07664492937746678,0.2314805319759073
2025-11-12 22:43:14 EST,120,10.11,10.335,20.7,171,6.5,9.8,10.15,10.0675,10.11,10.15,-0.0400000000000009,-0.0039731810280606,0.5350000000000001,-0.1752577319587628,0.0531412962503104,-0.0074999999999985,-0.0007444168734489,0.07694224259568831,0.23101848616035614
2025-11-12 23:18:50 EST,110,10.11,10.335,20.7,154,6.5,9.805,10.15,10.07,10.11,10.15,-0.0400000000000009,-0.0039721946375373,0.5300000000000011,-0.1666666666666666,0.0526315789473685,0.0024999999999995,0.0002483238142537,0.0713314751552764,0.23053066833611624
2025-11-13 00:13:35 EST,101,10.11,10.4,20.7,149,6.5,9.77,10.15,10.085,10.11,10.15,-0.0400000000000009,-0.0039662865642043,0.6300000000000008,-0.192,0.0624690133862172,0.0150000000000005,0.0014895729890765,0.06514059488100478,0.22992803414076896
2025-11-13 01:20:06 EST,93,10.11,10.4,20.7,143,6.5,9.75,10.15,10.075,10.11,10.15,-0.0400000000000009,-0.0039702233250621,0.6500000000000004,-0.211864406779661,0.0645161290322581,-0.0100000000000015,-0.0009915716410512,0.06043171976392222,0.22939581103152717
2025-11-13 02:12:56 EST,84,10.11,10.605,20.7,139,6.5,9.56,10.15,10.0825,10.11,10.15,-0.0400000000000009,-0.0039672700223159,1.045,-0.2466367713004484,0.1036449293330027,0.0075000000000002,0.0007444168734491,0.05699675413465417,0.2288081760363548
2025-11-13 03:17:55 EST,79,10.11,10.61,20.7,136,6.5,9.53,10.15,10.07,10.11,10.15,-0.0400000000000009,-0.0039721946375373,1.0799999999999983,-0.2651162790697674,0.1072492552135052,-0.0124999999999992,-0.0012397718819736,0.05441876258255735,0.2283076748462041
2025-11-13 04:15:03 EST,79,10.11,10.61,20.7,135,6.5,9.5,10.15,10.055,10.11,10.15,-0.0400000000000009,-0.0039781203381403,1.1099999999999994,-0.2616822429906542,0.1103928393833913,-0.0150000000000005,-0.0014895729890765,0.05362029344909918,0.2279159803116146
2025-11-13 05:14:36 EST,101,10.11,10.3,20.7,150,6.5,9.87,10.15,10.085,10.11,10.15,-0.0400000000000009,-0.0039662865642043,0.4299999999999997,-0.1952191235059761,0.0426375805651958,0.0300000000000011,0.0029835902536052,0.043665290663158045,0.22730684802561696
2025-11-13 06:11:55 EST,120,10.09,10.22,20.7,165,6.5,9.9,10.15,10.06,10.09,10.15,-0.0600000000000005,-0.0059642147117296,0.3200000000000003,-0.1578947368421052,0.0318091451292246,-0.0250000000000003,-0.0024789291026276,0.02717612309858081,0.22686890289664574
2025-11-13 07:26:23 EST,142,10.1,10.2,20.7,198,6.5,9.91,10.15,10.055,10.1,10.15,-0.0500000000000007,-0.0049726504226753,0.2899999999999991,-0.1647058823529411,0.0288413724515165,-0.0050000000000007,-0.0004970178926442,0.02496646301270765,0.22646296218377795
2025-11-13 08:27:50 EST,123,10.11,10.3,20.7,199,6.5,9.95,10.15,10.125,10.11,10.15,-0.0400000000000009,-0.0039506172839507,0.3500000000000014,-0.2360248447204969,0.034567901234568,0.0700000000000002,0.0069617105917454,0.026999521936235046,0.22564143598284211
2025-11-13 09:12:56 EST,121,10.15,10.4,20.7,239,6.5,9.98,10.15,10.19,10.15,10.15,0.0,0.0,0.4199999999999999,-0.3277777777777778,0.0412168792934249,0.0649999999999995,0.0064197530864197,0.03562523836689883,0.22463030043593504
2025-11-13 10:15:03 EST,118,10.21,10.385000000000002,20.7,251,6.5,10.0,10.19,10.1925,10.21,10.19,0.0200000000000013,0.0019622271277901,0.3850000000000015,-0.3604336043360434,0.0377728722099584,0.0025000000000012,0.0002453385672228,0.041102200080434616,0.2236285244588146
2025-11-13 11:16:09 EST,170,10.19,10.28,20.7,234,6.5,9.995,10.18,10.1375,10.19,10.18,0.0099999999999997,0.0009864364981504,0.2849999999999983,-0.1584158415841584,0.0281134401972871,-0.0550000000000014,-0.0053961246014227,0.04128978099355338,0.22278731369107943
2025-11-13 12:13:05 EST,123,10.21,10.3,20.7,251,6.5,10.0,10.19,10.15,10.21,10.19,0.0200000000000013,0.0019704433497538,0.3000000000000007,-0.3422459893048128,0.0295566502463054,0.012500000000001,0.0012330456226881,0.04243067662486047,0.2219114488251821
2025-11-13 13:18:10 EST,100,10.26,10.63,20.7,266,6.5,10.04,10.26,10.335,10.26,10.26,0.0,0.0,0.5899999999999999,-0.453551912568306,0.0570875665215287,0.1850000000000005,0.0182266009852217,0.06400152851437997,0.2211407642087206
2025-11-13 14:10:21 EST,152,10.39,10.665,20.7,256,6.5,10.03,10.39,10.3475,10.39,10.39,0.0,0.0,0.6349999999999998,-0.2549019607843137,0.0613674800676491,0.0124999999999992,0.0012094823415577,0.07993309872476097,0.22043228025000136
2025-11-13 15:14:49 EST,105,10.44,10.96,20.7,260,6.5,10.07,10.45,10.515,10.44,10.45,-0.0099999999999997,-0.0009510223490251,0.8900000000000006,-0.4246575342465753,0.084640989063243,0.1675000000000004,0.0161874848997342,0.11393762396943594,0.22104875148696002
2025-11-13 16:12:34 EST,139,10.53,10.88,20.7,223,6.5,10.01,10.67,10.445,10.53,10.67,-0.1400000000000005,-0.0134035423647678,0.870000000000001,-0.2320441988950276,0.0832934418382001,-0.0700000000000002,-0.0066571564431764,0.1299926401902311,0.22095525179230957
2025-11-13 17:12:49 EST,169,10.53,10.75,20.7,246,6.5,10.04,10.52,10.395,10.53,10.52,0.0099999999999997,0.0009620009620009,0.7100000000000009,-0.1855421686746988,0.0683020683020683,-0.0500000000000007,-0.0047869794159885,0.13845076428260927,0.2204920498154762
2025-11-13 18:12:13 EST,156,10.54,10.725,20.7,230,6.5,10.005,10.51,10.365,10.54,10.51,0.0299999999999993,0.0028943560057886,0.7200000000000006,-0.1917098445595854,0.0694645441389291,-0.0299999999999993,-0.0028860028860028,0.14406746607965548,0.2198625384181046
2025-11-13 19:59:24 EST,154,10.42,10.685,20.7,210,6.5,10.0,10.38,10.3425,10.42,10.38,0.0399999999999991,0.0038675368624606,0.6849999999999987,-0.1538461538461538,0.0662315687696397,-0.0225000000000008,-0.0021707670043416,0.14670088739446321,0.21913711093053612
2025-11-13 21:43:32 EST,106,10.53,10.975,20.7,211,6.5,10.01,10.5,10.4925,10.53,10.5,0.0299999999999993,0.0028591851322372,0.9650000000000016,-0.3312302839116719,0.091970455086967,0.1500000000000003,0.0145032632342277,0.15701526367002236,0.219436099909011
2025-11-13 22:41:15 EST,103,10.52,10.99,20.7,186,6.5,9.995,10.5,10.4925,10.52,10.5,0.0199999999999995,0.0019061234214915,0.9949999999999992,-0.28719723183391,0.0948296402192041,0.0,0.0,0.1654073802745205,0.21970976582379587
2025-11-13 23:16:39 EST,93,10.52,11.0,20.7,171,6.5,9.95,10.49,10.475,10.52,10.49,0.0299999999999993,0.0028639618138424,1.0500000000000007,-0.2954545454545454,0.1002386634844869,-0.0175,-0.0016678579938051,0.17014296924025019,0.21980250261805565
2025-11-14 00:13:14 EST,86,10.52,11.0,20.7,170,6.5,9.97,10.49,10.485,10.52,10.49,0.0299999999999993,0.0028612303290414,1.0300000000000011,-0.328125,0.0982355746304245,0.0099999999999997,0.0009546539379474,0.17370688783246233,0.2199643257700866
2025-11-14 01:19:43 EST,82,10.51,11.0,20.7,162,6.5,9.905,10.48,10.4525,10.51,10.48,0.0299999999999993,0.002870126763932,1.0949999999999989,-0.3278688524590163,0.1047596268835205,-0.0324999999999988,-0.0030996661897948,0.17452419789868387,0.21984249314130527
2025-11-14 02:13:06 EST,78,10.53,11.18,20.7,155,6.5,9.9,10.49,10.54,10.53,10.49,0.0399999999999991,0.0037950664136621,1.2799999999999994,-0.3304721030042918,0.1214421252371916,0.0874999999999985,0.0083712030614684,0.17800105336768438,0.22049696801367993
2025-11-14 03:17:14 EST,72,10.53,11.43,20.7,151,6.5,9.85,10.5,10.64,10.53,10.5,0.0299999999999993,0.0028195488721803,1.58,-0.3542600896860987,0.1484962406015037,0.1000000000000014,0.0094876660341557,0.18635152495070909,0.22232760487372866
2025-11-14 04:13:45 EST,77,10.53,11.05,20.7,148,6.5,9.825,10.52,10.4375,10.53,10.52,0.0099999999999997,0.0009580838323353,1.2250000000000014,-0.3155555555555555,0.1173652694610779,-0.2025000000000005,-0.019031954887218,0.1807798124230573,0.22203945446999332
2025-11-14 05:14:47 EST,94,10.53,10.9,20.7,171,6.5,9.99,10.5,10.445,10.53,10.5,0.0299999999999993,0.002872187649593,0.91,-0.290566037735849,0.0871230253709909,0.0075000000000002,0.0007185628742515,0.1727662826068874,0.22179525086129742
2025-11-14 06:10:54 EST,120,10.53,10.8,20.7,195,6.5,10.0,10.5,10.4,10.53,10.5,0.0299999999999993,0.0028846153846153,0.8000000000000007,-0.238095238095238,0.0769230769230769,-0.0449999999999999,-0.0043082814743896,0.16417103466566307,0.2212844988404818
2025-11-14 07:25:51 EST,139,10.53,10.7,20.7,202,6.5,10.02,10.49,10.36,10.53,10.49,0.0399999999999991,0.0038610038610037,0.6799999999999997,-0.1847507331378299,0.0656370656370656,-0.0400000000000009,-0.0038461538461539,0.15169677396665407,0.2206054173157939
2025-11-14 08:25:04 EST,122,10.59,10.805,20.7,235,6.5,10.15,10.55,10.4775,10.59,10.55,0.0399999999999991,0.003817704605106,0.6549999999999994,-0.3165266106442577,0.0625149129086136,0.1174999999999997,0.0113416988416988,0.13775466370760225,0.22058207175942293
2025-11-14 09:12:56 EST,128,10.53,10.96,20.7,247,6.5,10.2,10.57,10.58,10.53,10.57,-0.0400000000000009,-0.003780718336484,0.7600000000000016,-0.3173333333333333,0.0718336483931948,0.1025000000000009,0.0097828680505846,0.13160377614238067,0.22148813884331695
2025-11-14 10:12:35 EST,116,10.6,10.995,20.7,279,6.5,10.27,10.64,10.6325,10.6,10.64,-0.0400000000000009,-0.003762050317423,0.7250000000000014,-0.4126582278481012,0.0681871620032919,0.0525000000000002,0.0049621928166351,0.1313370139446244,0.2229591437694018
2025-11-14 11:15:52 EST,122,10.78,11.0,20.7,260,6.5,10.25,10.77,10.625,10.78,10.77,0.0099999999999997,0.0009411764705882,0.75,-0.3612565445026178,0.0705882352941176,-0.0075000000000002,-0.0007053844345168,0.1280673916088119,0.22427423815926487
2025-11-14 12:11:17 EST,158,10.78,10.9,20.7,256,6.5,10.24,10.77,10.57,10.78,10.77,0.0099999999999997,0.0009460737937558,0.6600000000000001,-0.2367149758454106,0.0624408703878902,-0.0549999999999997,-0.0051764705882352,0.1131675044258625,0.22493603291929973
2025-11-14 13:18:06 EST,158,10.74,10.85,20.7,225,6.5,10.1,10.7,10.475,10.74,10.7,0.0400000000000009,0.00381861575179,0.75,-0.1749347258485639,0.071599045346062,-0.0950000000000006,-0.0089877010406812,0.09216375431102158,0.2247838195308449
2025-11-14 14:10:35 EST,170,10.69,10.82,20.7,219,6.5,10.05,10.79,10.435,10.69,10.79,-0.0999999999999996,-0.0095831336847148,0.7699999999999996,-0.1259640102827763,0.0737901293723047,-0.0399999999999991,-0.0038186157517898,0.0878669840387429,0.22438637641576137
2025-11-14 15:14:37 EST,189,10.63,10.79,20.7,225,6.5,10.1,10.62,10.445,10.63,10.62,0.0100000000000015,0.0009573958831978,0.6899999999999995,-0.0869565217391304,0.0660603159406414,0.0099999999999997,0.0009583133684714,0.08382655218638085,0.22404168132494523
2025-11-14 16:11:47 EST,186,10.63,10.795,20.7,239,6.5,10.2,10.61,10.4975,10.63,10.61,0.0200000000000013,0.0019052155275066,0.5950000000000006,-0.1247058823529411,0.0566801619433198,0.0525000000000002,0.0050263283867879,0.0835855783795879,0.22402608268009333
2025-11-14 17:11:58 EST,149,10.66,10.82,20.7,241,6.5,10.2,10.63,10.51,10.66,10.63,0.0299999999999993,0.0028544243577544,0.620000000000001,-0.2358974358974359,0.0589914367269268,0.0124999999999992,0.0011907597046915,0.08347632659296914,0.2240900084759833
2025-11-14 18:11:44 EST,160,10.67,10.795,20.7,217,6.5,10.1,10.65,10.4475,10.67,10.65,0.0199999999999995,0.0019143335726249,0.6950000000000003,-0.1511936339522546,0.0665230916487198,-0.0625,-0.0059467174119885,0.08176543587378451,0.2237435805625672
2025-11-14 19:57:56 EST,160,10.66,10.78,20.7,219,6.5,10.16,10.65,10.47,10.66,10.65,0.0099999999999997,0.0009551098376313,0.6199999999999992,-0.1556728232189973,0.0592168099331422,0.0225000000000008,0.0021536252692032,0.07782009341045928,0.2235224211348261
2025-11-14 21:26:51 EST,180,10.63,10.75,20.7,194,6.5,10.0,10.6,10.375,10.63,10.6,0.0300000000000011,0.0028915662650603,0.75,-0.0374331550802139,0.072289156626506,-0.0950000000000006,-0.0090735434574976,0.07541191233317153,0.22287372734441252
2025-11-14 22:35:52 EST,150,10.6,10.75,20.7,169,6.5,9.95,10.6,10.35,10.6,10.6,0.0,0.0,0.8000000000000007,-0.0595611285266457,0.0772946859903382,-0.0250000000000003,-0.0024096385542169,0.0806354265250476,0.2221668707167103
2025-11-14 23:14:28 EST,130,10.61,10.75,20.7,160,6.5,9.93,10.6,10.34,10.61,10.6,0.0099999999999997,0.0009671179883945,0.8200000000000003,-0.1034482758620689,0.0793036750483559,-0.0099999999999997,-0.0009661835748792,0.08578574380738599,0.22144691785653833
2025-11-15 00:12:30 EST,111,10.61,10.79,20.7,158,6.5,9.905,10.6,10.3475,10.61,10.6,0.0099999999999997,0.0009664170089393,0.884999999999998,-0.174721189591078,0.0855279052911329,0.0075000000000002,0.0007253384912959,0.0898140566086371,0.22074820501316053
2025-11-15 01:17:45 EST,107,10.61,10.79,20.7,145,6.5,9.85,10.6,10.32,10.61,10.6,0.0099999999999997,0.0009689922480619,0.9399999999999996,-0.1507936507936507,0.0910852713178294,-0.0274999999999998,-0.0026576467745832,0.09497419319581021,0.22001252177578745
2025-11-15 02:11:05 EST,105,10.62,10.79,20.7,148,6.5,9.9,10.6,10.345,10.62,10.6,0.0199999999999995,0.001933301111648,0.8899999999999988,-0.1699604743083003,0.086031899468342,0.0250000000000003,0.002422480620155,0.09809854369647376,0.21932236337960312
2025-11-15 03:15:15 EST,104,10.62,10.79,20.7,150,6.5,9.9,10.6,10.345,10.62,10.6,0.0199999999999995,0.001933301111648,0.8899999999999988,-0.1811023622047244,0.086031899468342,0.0,0.0,0.09934203833079315,0.2186386017562831
2025-11-15 04:11:40 EST,105,10.62,10.8,20.7,146,6.5,9.875,10.6,10.3375,10.62,10.6,0.0199999999999995,0.0019347037484884,0.9250000000000008,-0.1633466135458167,0.0894800483675937,-0.0075000000000002,-0.000724987916868,0.09359752092827893,0.21794793931248538
2025-11-15 05:11:51 EST,115,10.63,10.8,20.7,147,6.5,9.85,10.6,10.325,10.63,10.6,0.0300000000000011,0.002905569007264,0.9500000000000012,-0.1221374045801526,0.0920096852300243,-0.012500000000001,-0.0012091898428054,0.09651607773255245,0.2172457713410377
2025-11-15 06:09:36 EST,134,10.6,10.785,20.7,170,6.5,9.95,10.6,10.3675,10.6,10.6,0.0,0.0,0.8350000000000009,-0.1184210526315789,0.0805401495056668,0.0425000000000004,0.0041162227602905,0.09748043049615988,0.21663026204057956
2025-11-15 07:21:42 EST,162,10.48,10.7,20.7,167,6.5,9.95,10.5,10.325,10.48,10.5,-0.0199999999999995,-0.0019370460048425,0.75,-0.0151975683890577,0.072639225181598,-0.0425000000000004,-0.0040993489269351,0.09974009476449122,0.21594084139278438
2025-11-15 08:19:06 EST,175,10.45,10.7,20.7,169,6.5,9.9,10.5,10.3,10.45,10.5,-0.0500000000000007,-0.0048543689320389,0.7999999999999989,0.0174418604651162,0.0776699029126212,-0.0249999999999985,-0.0024213075060531,0.10227169475034588,0.21523732331943538
2025-11-15 09:10:18 EST,172,10.47,10.69,20.7,194,6.5,10.0,10.5,10.345,10.47,10.5,-0.0299999999999993,-0.0028999516674721,0.6899999999999995,-0.0601092896174863,0.0666988883518607,0.0449999999999999,0.0043689320388349,0.102987968904804,0.21459104747903118
2025-11-15 10:11:23 EST,186,10.49,10.655,20.7,194,6.5,10.0,10.5,10.3275,10.49,10.5,-0.0099999999999997,-0.0009682885499878,0.6550000000000011,-0.0210526315789473,0.0634229000242073,-0.0175,-0.0016916384726921,0.09888090983459094,0.2139239668814266
2025-11-15 11:12:49 EST,200,10.43,10.635000000000002,20.7,191,6.5,10.0,10.41,10.3175,10.43,10.41,0.0199999999999995,0.0019384540828688,0.6350000000000016,0.0230179028132992,0.0615459171310881,-0.0099999999999997,-0.0009682885499878,0.08852805735139578,0.21325212626686912
2025-11-15 12:09:40 EST,210,10.41,10.64,20.7,177,6.5,9.95,10.39,10.295,10.41,10.39,0.0199999999999995,0.0019426906265176,0.6900000000000013,0.0852713178294573,0.0670228266148617,-0.0225000000000008,-0.0021807608432276,0.0764816657721409,0.21257307399923897
2025-11-15 13:15:50 EST,188,10.39,10.6,20.7,168,6.5,9.925,11.5,10.2625,10.39,11.5,-1.1099999999999994,-0.1081607795371497,0.6749999999999989,0.0561797752808988,0.0657734470158342,-0.0325000000000006,-0.0031568722680913,0.06936794095178289,0.21190761053636498
2025-11-15 14:08:37 EST,199,10.36,10.55,20.7,185,6.5,10.0,11.5,10.275,10.36,11.5,-1.1400000000000006,-0.1109489051094891,0.5500000000000007,0.0364583333333333,0.0535279805352798,0.012500000000001,0.0012180267965896,0.06834183845978865,0.21124197539743575
2025-11-15 15:12:50 EST,199,10.3,10.52,20.7,173,6.5,9.99,10.27,10.255,10.3,10.27,0.0300000000000011,0.0029254022428084,0.5299999999999994,0.0698924731182795,0.0516821062896147,-0.0199999999999995,-0.0019464720194646,0.06992199328489786,0.21059492454422626
2025-11-15 16:10:05 EST,178,10.3,10.555,20.7,194,6.5,10.0,10.31,10.2775,10.3,10.31,-0.0099999999999997,-0.0009729992702505,0.5549999999999997,-0.043010752688172,0.0540014594989053,0.022499999999999,0.0021940516821061,0.0689221329956664,0.20994088379694062
2025-11-15 17:09:19 EST,149,10.35,10.64,20.7,196,6.5,10.0,10.34,10.32,10.35,10.34,0.0099999999999997,0.0009689922480619,0.6400000000000006,-0.136231884057971,0.062015503875969,0.0425000000000004,0.0041352468985648,0.061311156986473735,0.20930916314923184
2025-11-15 18:11:43 EST,159,10.35,10.6,20.7,176,6.5,10.0,10.32,10.3,10.35,10.32,0.0299999999999993,0.0029126213592232,0.5999999999999996,-0.0507462686567164,0.0582524271844659,-0.0199999999999995,-0.0019379844961239,0.050074220275879176,0.2086690254584264
2025-11-15 20:03:17 EST,145,10.34,10.6,20.7,165,6.5,9.96,10.32,10.28,10.34,10.32,0.0199999999999995,0.0019455252918287,0.6399999999999988,-0.064516129032258,0.0622568093385212,-0.0200000000000013,-0.0019417475728156,0.04466955464658345,0.20803238943835622
2025-11-15 22:12:26 EST,124,10.35,10.68,20.7,169,6.5,9.96,10.35,10.32,10.35,10.35,0.0,0.0,0.7199999999999989,-0.1535836177474402,0.069767441860465,0.0400000000000009,0.0038910505836576,0.03229432551006574,0.2074178628171298
2025-11-15 23:18:58 EST,100,10.36,10.685,20.7,147,6.5,9.9,10.35,10.2925,10.36,10.35,0.0099999999999997,0.0009715812484818,0.7849999999999984,-0.1902834008097166,0.0762691280058293,-0.0274999999999998,-0.0026647286821705,0.030392957803791823,0.20679274851309812
2025-11-16 00:12:44 EST,100,10.36,10.725,20.7,148,6.5,9.9,10.35,10.3125,10.36,10.35,0.0099999999999997,0.0009696969696969,0.8249999999999993,-0.1935483870967742,0.0799999999999999,0.0199999999999995,0.0019431624969637,0.029488199248726803,0.20618266532262228
2025-11-16 01:18:04 EST,93,10.36,10.75,20.7,139,6.5,9.85,10.36,10.3,10.36,10.36,0.0,0.0,0.9000000000000004,-0.1982758620689655,0.087378640776699,-0.0124999999999992,-0.0012121212121211,0.029073674219364642,0.20450410541797293
2025-11-16 02:11:29 EST,84,10.36,10.795,20.7,126,6.5,9.65,10.37,10.2225,10.36,10.37,-0.0099999999999997,-0.0009782342871117,1.1450000000000014,-0.2,0.112007825874297,-0.0775000000000005,-0.0075242718446602,0.03335399042905069,0.20335246060007928
2025-11-16 03:15:34 EST,79,10.36,10.82,20.7,128,6.5,9.725,10.36,10.2725,10.36,10.36,0.0,0.0,1.0950000000000006,-0.2367149758454106,0.1065952786566075,0.0500000000000007,0.0048911714355588,0.03395169202424656,0.20244306825627617
2025-11-16 04:12:08 EST,73,10.36,10.85,20.7,128,6.5,9.725,10.35,10.2875,10.36,10.35,0.0099999999999997,0.0009720534629404,1.125,-0.2736318407960199,0.1093560145808019,0.0149999999999987,0.0014602092966657,0.03302238343875125,0.201852861779733
2025-11-16 05:12:01 EST,90,10.38,10.77,20.7,142,6.5,9.875,10.37,10.3225,10.38,10.37,0.0100000000000015,0.0009687575684186,0.8949999999999996,-0.2241379310344827,0.086703802373456,0.0350000000000001,0.0034021871202916,0.032072155967609595,0.20115604492736688
2025-11-16 06:09:55 EST,120,10.38,10.68,20.7,154,6.5,9.9,10.36,10.29,10.38,10.36,0.0200000000000013,0.0019436345966959,0.7799999999999994,-0.1240875912408759,0.0758017492711369,-0.0325000000000006,-0.0031484620973601,0.031219006369525754,0.20091892133615386
2025-11-16 07:21:55 EST,136,10.38,10.68,20.7,165,6.5,9.95,10.35,10.315,10.38,10.35,0.0300000000000011,0.0029083858458556,0.7300000000000004,-0.0963455149501661,0.0707707222491517,0.0250000000000003,0.0024295432458698,0.030931895444701273,0.20052157394258024
2025-11-16 08:18:53 EST,156,10.37,10.6,20.7,190,6.5,10.0,10.37,10.3,10.37,10.37,0.0,0.0,0.5999999999999996,-0.0982658959537572,0.0582524271844659,-0.0149999999999987,-0.0014541929229276,0.027315753006710543,0.20032111676007225
2025-11-16 09:10:32 EST,147,10.37,10.6,20.7,191,6.5,10.0,10.35,10.3,10.37,10.35,0.0199999999999995,0.0019417475728154,0.5999999999999996,-0.1301775147928994,0.0582524271844659,0.0,0.0,0.02664854456703006,0.19914054713579557
2025-11-16 10:11:11 EST,189,10.35,10.5,20.7,190,6.5,10.0,10.33,10.25,10.35,10.33,0.0199999999999995,0.001951219512195,0.5,-0.0026385224274406,0.048780487804878,-0.0500000000000007,-0.0048543689320389,0.028184819637097697,0.1983822241115762
2025-11-16 11:13:27 EST,165,10.35,10.59,20.7,200,6.5,10.0,10.34,10.295,10.35,10.34,0.0099999999999997,0.0009713453132588,0.5899999999999999,-0.0958904109589041,0.0573093734822729,0.0449999999999999,0.004390243902439,0.025959835197530257,0.19676606210901734
2025-11-16 12:10:18 EST,151,10.36,10.65,20.7,193,6.5,10.0,10.34,10.325,10.36,10.34,0.0199999999999995,0.0019370460048425,0.6500000000000004,-0.1220930232558139,0.062953995157385,0.0299999999999993,0.0029140359397765,0.025812652427966074,0.1947827925965281
2025-11-16 13:16:12 EST,145,10.36,10.64,20.7,194,6.5,10.0,11.3,10.32,10.36,11.3,-0.9400000000000012,-0.0910852713178295,0.6400000000000006,-0.1445427728613569,0.062015503875969,-0.004999999999999,-0.0004842615012105,0.025928413154304625,0.1933796268184277
2025-11-16 14:09:38 EST,148,10.39,10.66,20.7,206,6.5,10.04,10.36,10.35,10.39,10.36,0.0300000000000011,0.0028985507246377,0.620000000000001,-0.1638418079096045,0.0599033816425121,0.0299999999999993,0.0029069767441859,0.028570247775889564,0.19323431953332926
2025-11-16 15:13:16 EST,156,10.39,10.645,20.7,208,6.5,10.06,10.37,10.3525,10.39,10.37,0.0200000000000013,0.001931900507124,0.5849999999999991,-0.1428571428571428,0.0565080898333735,0.0024999999999995,0.0002415458937197,0.030179865396769,0.19324075862818157
2025-11-16 16:11:03 EST,147,10.36,10.64,20.7,201,6.5,10.05,10.37,10.345,10.36,10.37,-0.0099999999999997,-0.000966650555824,0.5899999999999999,-0.1551724137931034,0.05703238279362,-0.0074999999999985,-0.0007244626901713,0.031293809870910835,0.19322846012216513
2025-11-16 17:11:22 EST,128,10.39,10.69,20.7,217,6.5,10.1,10.38,10.395,10.39,10.38,0.0099999999999997,0.0009620009620009,0.5899999999999999,-0.2579710144927536,0.0567580567580567,0.0499999999999989,0.0048332527791202,0.03529315633466214,0.1934315117825914
2025-11-16 18:11:30 EST,150,10.42,10.65,20.7,208,6.5,10.1,12.0,10.375,10.42,12.0,-1.58,-0.152289156626506,0.5500000000000007,-0.1620111731843575,0.0530120481927711,-0.0199999999999995,-0.0019240019240018,0.03741279110693022,0.1935858473376113
2025-11-16 20:00:25 EST,135,10.41,10.66,20.7,203,6.5,10.1,10.4,10.38,10.41,10.4,0.0099999999999997,0.0009633911368015,0.5600000000000005,-0.2011834319526627,0.0539499036608863,0.0050000000000007,0.0004819277108434,0.04001683862067877,0.19367486723564614
2025-11-16 22:10:11 EST,95,10.49,10.85,20.7,180,6.5,10.005,10.46,10.4275,10.49,10.46,0.0299999999999993,0.0028770079117716,0.8450000000000006,-0.3090909090909091,0.0810357228482378,0.0474999999999994,0.0045761078998072,0.04624877593372005,0.1939479136015768
2025-11-16 23:19:22 EST,76,10.5,10.85,20.7,166,6.5,10.005,10.45,10.4275,10.5,10.45,0.0500000000000007,0.0047950131862863,0.8450000000000006,-0.371900826446281,0.0810357228482378,0.0,0.0,0.050587915832400965,0.19427542766644793
2025-11-17 00:14:06 EST,68,10.52,10.995,20.7,155,6.5,10.0,10.52,10.4975,10.52,10.52,0.0,0.0,0.995000000000001,-0.3901345291479821,0.0947844724934509,0.0700000000000002,0.0067130184608007,0.06171866687303815,0.19501283048658868
2025-11-17 01:20:38 EST,60,10.52,11.25,20.7,147,6.5,9.95,10.55,10.6,10.52,10.55,-0.0300000000000011,-0.0028301886792453,1.3000000000000007,-0.4202898550724637,0.1226415094339623,0.1024999999999991,0.0097642295784709,0.08189826392582153,0.1966453304931899
2025-11-17 02:13:33 EST,60,10.52,11.1,20.7,134,6.5,9.9,10.49,10.5,10.52,10.49,0.0299999999999993,0.0028571428571427,1.1999999999999993,-0.3814432989690721,0.1142857142857142,-0.0999999999999996,-0.0094339622641509,0.08748809442816968,0.19741407209049822
2025-11-17 03:19:41 EST,57,10.55,11.2,20.7,139,6.5,9.9,10.49,10.55,10.55,10.49,0.0600000000000005,0.0056872037914692,1.299999999999999,-0.4183673469387755,0.1232227488151657,0.0500000000000007,0.0047619047619048,0.0955305550937897,0.19849061534443255
2025-11-17 04:17:29 EST,74,10.55,10.92,20.7,142,6.5,9.9,10.48,10.41,10.55,10.48,0.0700000000000002,0.0067243035542747,1.0199999999999996,-0.3148148148148148,0.0979827089337175,-0.1400000000000005,-0.0132701421800948,0.09114999731692566,0.1986796127870471
2025-11-17 05:15:27 EST,89,10.5,10.85,20.7,161,6.5,10.0,10.48,10.425,10.5,10.48,0.0199999999999995,0.0019184652278177,0.8499999999999996,-0.288,0.0815347721822541,0.0150000000000005,0.0014409221902017,0.08933226529756484,0.19878259498006487
2025-11-17 06:11:56 EST,105,10.44,10.75,20.7,162,6.5,9.96,10.48,10.355,10.44,10.48,-0.0400000000000009,-0.0038628681796234,0.7899999999999991,-0.2134831460674157,0.0762916465475614,-0.0700000000000002,-0.0067146282973621,0.08744557054520916,0.19841905269741292
2025-11-17 07:25:37 EST,126,10.41,10.65,20.7,188,6.5,10.005,10.4,10.3275,10.41,10.4,0.0099999999999997,0.0009682885499878,0.6450000000000014,-0.197452229299363,0.0624546114742194,-0.0274999999999998,-0.002655721873491,0.08730976992249595,0.19769429807537867
2025-11-17 08:26:57 EST,141,10.42,10.6,20.7,190,6.5,10.02,10.39,10.31,10.42,10.39,0.0299999999999993,0.0029097963142579,0.5800000000000001,-0.148036253776435,0.0562560620756547,-0.0175,-0.0016945049624788,0.08650829052591595,0.19693725197218712
2025-11-17 09:13:13 EST,170,10.42,10.6,20.78,226,6.5,10.175,10.41,10.3875,10.42,10.41,0.0099999999999997,0.000962695547533,0.4249999999999989,-0.1414141414141414,0.0409145607701563,0.0774999999999987,0.007516973811833,0.0853793219883748,0.1944705103749011
2025-11-17 10:15:00 EST,130,10.45,10.695,20.78,246,6.5,10.25,10.47,10.4725,10.45,10.47,-0.0200000000000013,-0.0019097636667463,0.4450000000000003,-0.3085106382978723,0.0424922415851038,0.0850000000000008,0.0081829121540313,0.08530150862203258,0.19074516989195628
2025-11-17 11:17:43 EST,159,10.5,10.65,20.78,242,6.5,10.235,10.47,10.4425,10.5,10.47,0.0299999999999993,0.0028728752693319,0.4150000000000009,-0.2069825436408977,0.0397414412257602,-0.0299999999999993,-0.0028646455001192,0.08365517560679368,0.18703610456492353
2025-11-17 12:12:31 EST,181,10.45,10.59,20.78,199,6.5,10.05,10.43,10.32,10.45,10.43,0.0199999999999995,0.0019379844961239,0.5399999999999991,-0.0473684210526315,0.0523255813953487,-0.1225000000000005,-0.0117309073497726,0.07943299974998927,0.18153890146627005
2025-11-17 13:18:21 EST,185,10.44,10.6,20.78,215,6.5,10.1,10.41,10.35,10.44,10.41,0.0299999999999993,0.0028985507246376,0.5,-0.075,0.0483091787439613,0.0299999999999993,0.0029069767441859,0.07704194932975283,0.17720273884868323
2025-11-17 14:09:31 EST,198,10.44,10.6,20.78,225,6.5,10.11,10.42,10.355,10.44,10.42,0.0199999999999995,0.0019314340898116,0.4900000000000002,-0.0638297872340425,0.0473201352003863,0.0050000000000007,0.0004830917874396,0.07597643370326976,0.17598564477866813
2025-11-17 15:14:33 EST,160,10.46,10.685,20.78,239,6.5,10.2,10.45,10.4425,10.46,10.45,0.0100000000000015,0.0009576250897775,0.4849999999999994,-0.1979949874686716,0.0464448168542015,0.0875000000000003,0.0084500241429261,0.07424430576422923,0.17557253892421265
2025-11-17 16:11:54 EST,153,10.46,10.66,20.78,235,6.5,10.2,10.48,10.43,10.46,10.48,-0.0199999999999995,-0.0019175455417065,0.4600000000000008,-0.211340206185567,0.0441035474592522,-0.012500000000001,-0.0011970313622217,0.07330628309572768,0.1759405227441488
2025-11-17 17:12:03 EST,162,10.47,10.635,20.78,245,6.5,10.25,10.48,10.4425,10.47,10.48,-0.0099999999999997,-0.0009576250897773,0.3849999999999998,-0.2039312039312039,0.036868565956428,0.012500000000001,0.0011984659635667,0.07245055472832124,0.17635042966487302
2025-11-17 18:11:54 EST,148,10.47,10.635,20.78,238,6.5,10.21,10.48,10.4225,10.47,10.48,-0.0099999999999997,-0.0009594627008874,0.4249999999999989,-0.233160621761658,0.0407771647877187,-0.0200000000000013,-0.0019152501795548,0.07089074825682505,0.1766574606133633
2025-11-17 19:59:01 EST,124,10.5,10.8,20.78,237,6.5,10.2,10.48,10.5,10.5,10.48,0.0199999999999995,0.0019047619047618,0.6000000000000014,-0.3130193905817174,0.0571428571428572,0.0775000000000005,0.0074358359318782,0.07259426655210935,0.1775663488408245
2025-11-17 21:42:36 EST,119,10.49,10.69,20.78,198,6.5,10.13,10.47,10.41,10.49,10.47,0.0199999999999995,0.0019212295869355,0.5600000000000005,-0.2492113564668769,0.0537944284341979,-0.0899999999999998,-0.0085714285714285,0.07193841720229921,0.1779004692327601
2025-11-17 22:40:56 EST,89,10.5,10.94,20.78,168,6.5,10.0,10.47,10.47,10.5,10.47,0.0299999999999993,0.0028653295128939,0.9399999999999996,-0.3073929961089494,0.0897803247373447,0.0600000000000005,0.0057636887608069,0.07187039210186955,0.17861290258322401
2025-11-17 23:16:49 EST,88,10.5,10.85,20.78,152,6.5,9.955,10.46,10.4025,10.5,10.46,0.0399999999999991,0.0038452295121364,0.8949999999999996,-0.2666666666666666,0.0860370103340542,-0.0675000000000007,-0.0064469914040115,0.07206076340974536,0.17891887863564127
2025-11-18 00:13:11 EST,81,10.5,10.87,20.78,148,6.5,9.95,10.47,10.41,10.5,10.47,0.0299999999999993,0.0028818443804033,0.92,-0.2925764192139738,0.0883765609990393,0.0075000000000002,0.0007209805335256,0.07214485416085431,0.17924650163278033
2025-11-18 01:19:46 EST,70,10.51,11.005,20.78,140,6.5,9.925,10.43,10.465,10.51,10.43,0.08,0.0076445293836598,1.0799999999999983,-0.3333333333333333,0.1032011466794073,0.0549999999999997,0.0052833813640729,0.07104805477255077,0.17972221331606222
2025-11-18 02:13:30 EST,69,10.51,11.01,20.78,139,6.5,9.9,10.43,10.455,10.51,10.43,0.08,0.0076518412242946,1.1099999999999994,-0.3365384615384615,0.1061692969870874,-0.0099999999999997,-0.0009555661729574,0.0609700419427405,0.18028107744816385
2025-11-18 03:17:58 EST,65,10.51,11.01,20.78,137,6.5,9.9,10.43,10.455,10.51,10.43,0.08,0.0076518412242946,1.1099999999999994,-0.3564356435643564,0.1061692969870874,0.0,0.0,0.05903051286650082,0.18083626133277844
2025-11-18 04:14:51 EST,74,10.51,10.995,20.78,144,6.5,9.95,10.45,10.4725,10.51,10.45,0.0600000000000005,0.0057292910002387,1.0450000000000017,-0.3211009174311927,0.0997851515874912,0.0175,0.0016738402678144,0.05328338495558956,0.18149578848033615
2025-11-18 05:15:36 EST,97,10.49,10.79,20.78,162,6.5,10.0,10.5,10.395,10.49,10.5,-0.0099999999999997,-0.0009620009620009,0.7899999999999991,-0.2509652509652509,0.0759980759980759,-0.0775000000000005,-0.0074003342086417,0.05341836094676235,0.18170466091075377
2025-11-18 06:11:52 EST,100,10.49,10.85,20.78,183,6.5,10.04,10.46,10.445,10.49,10.46,0.0299999999999993,0.002872187649593,0.8100000000000005,-0.293286219081272,0.0775490665390139,0.0500000000000007,0.0048100048100048,0.05376484880847353,0.18211353256185603
2025-11-18 07:26:22 EST,136,10.47,10.675,20.78,203,6.5,10.1,10.46,10.3875,10.47,10.46,0.0099999999999997,0.000962695547533,0.5750000000000011,-0.1976401179941003,0.0553549939831529,-0.0575000000000009,-0.0055050263283868,0.0526094442395578,0.1821633605853904
2025-11-18 08:27:22 EST,145,10.47,10.6,20.78,209,6.5,10.15,10.45,10.375,10.47,10.45,0.0200000000000013,0.0019277108433736,0.4499999999999993,-0.1807909604519774,0.0433734939759035,-0.0124999999999992,-0.0012033694344162,0.049986297941444255,0.18203787161845905
2025-11-18 09:13:14 EST,150,10.47,10.655,20.78,218,6.5,10.2,10.45,10.4275,10.47,10.45,0.0200000000000013,0.0019180052745146,0.4550000000000018,-0.1847826086956521,0.0436346199952051,0.0525000000000002,0.0050602409638554,0.04445880278341288,0.18227068548041409
2025-11-18 10:14:32 EST,142,10.47,10.8,20.78,237,6.5,10.27,10.46,10.535,10.47,10.46,0.0099999999999997,0.0009492168960607,0.5300000000000011,-0.2506596306068601,0.0503084954912198,0.1074999999999999,0.0103092783505154,0.04936450769097344,0.18306136284300722
2025-11-18 11:17:06 EST,176,10.46,10.545,20.78,226,6.5,10.2,10.44,10.3725,10.46,10.44,0.0200000000000013,0.0019281754639673,0.3450000000000006,-0.1243781094527363,0.0332610267534346,-0.1624999999999996,-0.0154247745609871,0.049702807891765344,0.182992794908184
2025-11-18 12:13:28 EST,172,10.46,10.53,20.78,218,6.5,10.2,10.44,10.365,10.46,10.44,0.0200000000000013,0.0019295706705259,0.33,-0.1179487179487179,0.0318379160636758,-0.0075000000000002,-0.0007230657989877,0.05096842941575003,0.18301123886167733
2025-11-18 13:19:23 EST,179,10.46,10.52,20.78,200,6.5,10.13,10.42,10.325,10.46,10.42,0.0400000000000009,0.0038740920096853,0.3900000000000005,-0.0554089709762532,0.037772397094431,-0.0400000000000009,-0.0038591413410517,0.05054593261929866,0.18295109241327862
2025-11-18 14:10:50 EST,186,10.46,10.525,20.78,232,6.5,10.295,10.44,10.41,10.46,10.44,0.0200000000000013,0.0019212295869357,0.2299999999999986,-0.1100478468899521,0.0220941402497597,0.0850000000000008,0.0082324455205811,0.0483027139394872,0.18315155727914212
2025-11-18 15:15:38 EST,176,10.47,10.53,20.78,244,6.5,10.3,10.45,10.415,10.47,10.45,0.0200000000000013,0.0019203072491599,0.2299999999999986,-0.1619047619047619,0.0220835333653383,0.004999999999999,0.0004803073967338,0.046091827060185595,0.18302783153618282
2025-11-18 17:12:27 EST,219,10.29,10.5,20.78,154,6.5,10.0,10.37,10.25,10.29,10.37,-0.08,-0.0078048780487804,0.5,0.1742627345844504,0.048780487804878,-0.1649999999999991,-0.0158425348055688,0.05827912206654608,0.18278654921654774
2025-11-18 18:11:49 EST,213,10.25,10.49,20.78,148,6.5,9.95,10.27,10.22,10.25,10.27,-0.0199999999999995,-0.0019569471624265,0.5400000000000009,0.1800554016620498,0.0528375733855186,-0.0299999999999993,-0.0029268292682926,0.07084497453364853,0.1816619030317479
2025-11-18 19:59:10 EST,197,10.13,10.49,20.78,137,6.5,9.7,10.15,10.095,10.13,10.15,-0.0199999999999995,-0.0019811788013867,0.7900000000000009,0.1796407185628742,0.0782565626547796,-0.125,-0.0122309197651663,0.09514576917189085,0.18088117998906572
2025-11-18 21:42:54 EST,177,10.15,10.5,20.78,150,6.5,9.8,10.11,10.15,10.15,10.11,0.0400000000000009,0.0039408866995074,0.6999999999999993,0.0825688073394495,0.0689655172413792,0.0549999999999997,0.0054482417038137,0.10721519189552663,0.17928819232684215
2025-11-18 22:40:41 EST,168,10.12,10.5,20.78,128,6.5,9.5,10.1,10.0,10.12,10.1,0.0199999999999995,0.0019999999999999,1.0,0.1351351351351351,0.1,-0.1500000000000003,-0.0147783251231527,0.12981867056886212,0.17718140200329588
2025-11-18 23:16:15 EST,143,10.12,10.5,20.78,121,6.5,9.5,10.1,10.0,10.12,10.1,0.0199999999999995,0.0019999999999999,1.0,0.0833333333333333,0.1,0.0,0.0,0.1489117756875239,0.17805585823350048
2025-11-19 00:13:28 EST,135,10.05,10.5,20.78,106,6.5,9.004999999999999,10.1,9.7525,10.05,10.1,-0.0499999999999989,-0.0051268905408868,1.495000000000001,0.1203319502074688,0.1532940271725199,-0.2475000000000005,-0.02475,0.1893978826994106,0.1816927751272259
2025-11-19 01:19:28 EST,111,10.11,10.57,20.78,107,6.5,9.3,10.1,9.935,10.11,10.1,0.0099999999999997,0.0010065425264217,1.2699999999999996,0.018348623853211,0.1278309008555611,0.182500000000001,0.0187131504742374,0.20360471502862845,0.18301319434858765
2025-11-19 02:13:22 EST,107,10.11,10.57,20.78,102,6.5,9.0,10.1,9.785,10.11,10.1,0.0099999999999997,0.0010219724067449,1.5700000000000005,0.0239234449760765,0.1604496678589678,-0.1500000000000003,-0.0150981378963261,0.22705619934951804,0.18658881821528442
2025-11-19 03:17:34 EST,100,10.15,10.56,20.78,97,6.5,8.99,10.1,9.775,10.15,10.1,0.0500000000000007,0.0051150895140665,1.5700000000000005,0.015228426395939,0.160613810741688,-0.0099999999999997,-0.0010219724067449,0.24435786801952514,0.19017975032131537
2025-11-19 04:14:52 EST,100,10.18,10.535,20.78,98,6.5,8.995000000000001,10.1,9.765,10.18,10.1,0.08,0.0081925243215565,1.5399999999999991,0.0101010101010101,0.157706093189964,-0.0099999999999997,-0.0010230179028132,0.2583447651163987,0.1937701941562626
2025-11-19 05:14:27 EST,117,10.21,10.51,20.78,123,6.5,9.5,10.14,10.005,10.21,10.14,0.0700000000000002,0.0069965017491254,1.0099999999999998,-0.025,0.1009495252373812,0.2400000000000002,0.0245775729646697,0.2563252143062284,0.19432447750446877
2025-11-19 06:11:50 EST,153,10.18,10.5,20.78,135,6.5,9.6,10.14,10.05,10.18,10.14,0.0399999999999991,0.0039800995024874,0.9000000000000004,0.0625,0.0895522388059701,0.0449999999999999,0.0044977511244377,0.2508203027575032,0.19397138498933705
2025-11-19 07:25:40 EST,160,10.18,10.485,20.78,165,6.5,9.88,10.15,10.1825,10.18,10.15,0.0299999999999993,0.0029462312791553,0.6049999999999986,-0.0153846153846153,0.059415664129634,0.1324999999999985,0.0131840796019899,0.246483396529048,0.1926608031189896
2025-11-19 08:27:02 EST,178,10.27,10.49,20.78,184,6.5,9.96,10.41,10.225,10.27,10.41,-0.1400000000000005,-0.0136919315403423,0.5299999999999994,-0.0165745856353591,0.0518337408312957,0.0425000000000004,0.0041738276454702,0.23971655873679587,0.19009477736069275
2025-11-19 09:12:46 EST,195,10.19,10.48,20.78,193,6.5,10.0,10.2,10.24,10.19,10.2,-0.0099999999999997,-0.0009765624999999,0.4800000000000004,0.0051546391752577,0.046875,0.0150000000000005,0.0014669926650367,0.23544121008396135,0.18750948079822816
2025-11-19 10:14:02 EST,200,10.18,10.445,20.78,206,6.5,10.0,10.2,10.2225,10.18,10.2,-0.0199999999999995,-0.0019564685742234,0.4450000000000003,-0.0147783251231527,0.0435314257764734,-0.0175,-0.001708984375,0.23118881387957832,0.18533984669661274
2025-11-19 11:16:56 EST,149,10.26,10.5,20.78,203,6.5,10.0,10.29,10.25,10.26,10.29,-0.0299999999999993,-0.0029268292682926,0.5,-0.1534090909090909,0.048780487804878,0.0274999999999998,0.0026901442895573,0.22453323161940192,0.1833738462395143
2025-11-19 12:12:20 EST,150,10.27,10.5,20.78,207,6.5,10.0,10.27,10.25,10.27,10.27,0.0,0.0,0.5,-0.1596638655462184,0.048780487804878,0.0,0.0,0.20970044196978072,0.18164843979432224
2025-11-19 13:18:56 EST,144,10.27,10.54,20.78,248,6.5,10.1,10.3,10.32,10.27,10.3,-0.0300000000000011,-0.0029069767441861,0.4399999999999995,-0.2653061224489796,0.0426356589147286,0.0700000000000002,0.0068292682926829,0.2072844338189091,0.18030372655868493
2025-11-19 14:10:33 EST,141,10.36,10.59,20.78,242,6.5,10.11,10.39,10.35,10.36,10.39,-0.0300000000000011,-0.0028985507246377,0.4800000000000004,-0.2637075718015665,0.0463768115942029,0.0299999999999993,0.0029069767441859,0.20654899824869338,0.17779521488895692
2025-11-19 15:13:02 EST,152,10.37,10.5,20.78,232,6.5,10.11,10.4,10.305,10.37,10.4,-0.0300000000000011,-0.0029112081513829,0.3900000000000005,-0.2083333333333333,0.0378457059679767,-0.0449999999999999,-0.0043478260869565,0.20574094513155536,0.17510014599578141
2025-11-19 16:10:09 EST,137,10.37,10.51,20.78,239,6.5,10.13,10.4,10.32,10.37,10.4,-0.0300000000000011,-0.0029069767441861,0.379999999999999,-0.2712765957446808,0.0368217054263564,0.0150000000000005,0.0014556040756914,0.2010495277054441,0.1737052802300818
2025-11-19 17:12:27 EST,159,10.36,10.48,20.78,222,6.5,10.1,10.4,10.29,10.36,10.4,-0.0400000000000009,-0.0038872691933917,0.3800000000000008,-0.1653543307086614,0.0369290573372206,-0.0300000000000011,-0.0029069767441861,0.1945700562611847,0.17258501020698752
2025-11-19 18:12:30 EST,161,10.36,10.47,20.78,221,6.5,10.12,10.4,10.295,10.36,10.4,-0.0400000000000009,-0.0038853812530355,0.3500000000000014,-0.1570680628272251,0.0339970859640603,0.0050000000000007,0.000485908649174,0.19614742195936888,0.17144309830569887
2025-11-19 19:57:46 EST,168,10.33,10.42,20.78,185,6.5,10.01,10.4,10.215,10.33,10.4,-0.0700000000000002,-0.0068526676456192,0.4100000000000001,-0.0481586402266288,0.0401370533529124,-0.08,-0.0077707625060709,0.19603471183123658,0.17025930162672043
2025-11-19 21:28:47 EST,126,10.36,10.545,20.78,205,6.5,10.1,10.4,10.3225,10.36,10.4,-0.0400000000000009,-0.0038750302736741,0.4450000000000003,-0.2386706948640483,0.0431097117946234,0.1074999999999999,0.0105237395986294,0.2004396210001136,0.1690106374924782
2025-11-19 22:39:40 EST,85,10.37,10.85,20.78,187,6.5,10.05,10.4,10.45,10.37,10.4,-0.0300000000000011,-0.0028708133971292,0.7999999999999989,-0.375,0.0765550239234448,0.1274999999999995,0.0123516589973358,0.21112266765343837,0.1682253544501615
2025-11-19 23:15:42 EST,87,10.4,10.95,20.78,163,6.5,10.0,10.41,10.475,10.4,10.41,-0.0099999999999997,-0.0009546539379474,0.9499999999999992,-0.304,0.0906921241050118,0.0250000000000003,0.0023923444976076,0.2197404595544947,0.16744389211204738
2025-11-20 00:13:11 EST,83,10.45,10.7,20.78,155,6.5,9.98,10.4,10.34,10.45,10.4,0.0499999999999989,0.0048355899419728,0.7199999999999989,-0.3025210084033613,0.0696324951644099,-0.1349999999999998,-0.0128878281622911,0.22010455354843766,0.16626187767235312
2025-11-20 01:18:55 EST,74,10.45,10.97,20.78,145,6.5,9.95,10.4,10.46,10.45,10.4,0.0499999999999989,0.0047801147227532,1.0199999999999996,-0.3242009132420091,0.0975143403441682,0.120000000000001,0.0116054158607351,0.20860168405500418,0.16615202054678316
2025-11-20 02:13:13 EST,64,10.45,11.5,20.78,145,6.5,9.95,10.4,10.725,10.45,10.4,0.0499999999999989,0.0046620046620045,1.5500000000000007,-0.3875598086124402,0.1445221445221446,0.2649999999999988,0.0253346080305926,0.22635319229701245,0.16815438733742097
2025-11-20 03:18:27 EST,65,10.44,11.38,20.78,140,6.5,9.8,10.4,10.59,10.44,10.4,0.0399999999999991,0.0037771482530688,1.58,-0.3658536585365853,0.1491973559962228,-0.1349999999999998,-0.0125874125874125,0.21633870280122255,0.16838520884320776
2025-11-20 04:14:05 EST,73,10.44,11.38,20.78,145,6.5,9.8,10.4,10.59,10.44,10.4,0.0399999999999991,0.0037771482530688,1.58,-0.3302752293577982,0.1491973559962228,0.0,0.0,0.1989166480726062,0.16882762184185732
2025-11-20 05:14:13 EST,113,10.37,10.6,20.78,162,6.5,10.0,10.4,10.3,10.37,10.4,-0.0300000000000011,-0.0029126213592234,0.5999999999999996,-0.1781818181818182,0.0582524271844659,-0.2899999999999991,-0.0273843248347496,0.16288662896301312,0.16773989113352608
2025-11-20 06:12:01 EST,117,10.38,10.65,20.78,195,6.5,10.05,10.42,10.35,10.38,10.42,-0.0399999999999991,-0.0038647342995168,0.5999999999999996,-0.25,0.0579710144927535,0.0499999999999989,0.0048543689320387,0.14807364348503968,0.1664164157465397
2025-11-20 07:25:33 EST,159,10.37,10.5,20.78,191,6.5,10.02,10.42,10.26,10.37,10.42,-0.0500000000000007,-0.0048732943469786,0.4800000000000004,-0.0914285714285714,0.0467836257309942,-0.0899999999999998,-0.008695652173913,0.13601466346517022,0.16533714548246425
2025-11-20 08:25:32 EST,163,10.34,10.48,20.78,191,6.5,10.02,10.42,10.25,10.34,10.42,-0.08,-0.0078048780487804,0.4600000000000008,-0.0790960451977401,0.0448780487804878,-0.0099999999999997,-0.0009746588693956,0.13313305837353615,0.16420001119650118
2025-11-20 09:13:10 EST,148,10.36,10.5,20.78,212,6.5,10.105,10.42,10.3025,10.36,10.42,-0.0600000000000005,-0.0058238291676777,0.3949999999999996,-0.1777777777777777,0.0383402086872118,0.0525000000000002,0.0051219512195122,0.13089570019568064,0.16296436182374793
2025-11-20 10:13:38 EST,149,10.36,10.5,20.78,243,6.5,10.2,10.42,10.35,10.36,10.42,-0.0600000000000005,-0.0057971014492754,0.3000000000000007,-0.2397959183673469,0.0289855072463768,0.0474999999999994,0.0046105314244114,0.1286731601998045,0.16183661764091511
2025-11-20 11:16:23 EST,145,10.37,10.55,20.78,237,6.5,10.17,10.42,10.36,10.37,10.42,-0.0500000000000007,-0.0048262548262548,0.3800000000000008,-0.2408376963350785,0.0366795366795367,0.0099999999999997,0.0009661835748792,0.1254159745274668,0.16059753000434948
2025-11-20 12:10:46 EST,135,10.4,10.58,20.78,224,6.5,10.15,10.42,10.365,10.4,10.42,-0.0199999999999995,-0.0019295706705257,0.4299999999999997,-0.2479108635097493,0.0414857694163048,0.0050000000000007,0.0004826254826255,0.12307264115150696,0.15940821197137672
2025-11-20 13:19:20 EST,123,10.41,10.6,20.78,240,6.5,10.2,10.42,10.4,10.41,10.42,-0.0099999999999997,-0.0009615384615384,0.4000000000000003,-0.3223140495867768,0.0384615384615384,0.0350000000000001,0.0033767486734201,0.12059690763217135,0.15812543567519413
2025-11-20 14:10:39 EST,142,10.41,10.5,20.78,215,6.5,10.11,10.42,10.305,10.41,10.42,-0.0099999999999997,-0.0009704027171275,0.3900000000000005,-0.2044817927170868,0.0378457059679767,-0.0950000000000006,-0.0091346153846154,0.12092937212888333,0.15660534870749876
2025-11-20 15:14:53 EST,136,10.41,10.5,20.78,233,6.5,10.2,10.42,10.35,10.41,10.42,-0.0099999999999997,-0.0009661835748792,0.3000000000000007,-0.2628726287262872,0.0289855072463768,0.0449999999999999,0.0043668122270742,0.12092937212888333,0.15534561335282718
2025-11-20 16:12:05 EST,154,10.4,10.5,20.78,219,6.5,10.15,10.45,10.325,10.4,10.45,-0.0499999999999989,-0.0048426150121064,0.3499999999999996,-0.1742627345844504,0.0338983050847457,-0.0250000000000003,-0.0024154589371981,0.12050317212738143,0.15380161428105898
2025-11-20 17:12:25 EST,165,10.4,10.49,20.78,214,6.5,10.165,10.46,10.3275,10.4,10.46,-0.0600000000000005,-0.0058097312999274,0.325000000000001,-0.129287598944591,0.0314693778746067,0.0025000000000012,0.0002421307506054,0.12036511295501849,0.15216702814207791
2025-11-20 18:11:55 EST,157,10.39,10.48,20.78,209,6.5,10.15,10.45,10.315,10.39,10.45,-0.0599999999999987,-0.0058167716917109,0.33,-0.1420765027322404,0.031992244304411,-0.012500000000001,-0.0012103606874849,0.11970482832334185,0.15122293320040237
2025-11-20 19:58:37 EST,163,10.39,10.47,20.78,194,6.5,10.1,10.45,10.285,10.39,10.45,-0.0599999999999987,-0.0058337384540591,0.370000000000001,-0.0868347338935574,0.0359747204666991,-0.0299999999999993,-0.0029083858458554,0.12001580323178283,0.1508114922916271
2025-11-20 21:40:55 EST,146,10.4,10.48,20.78,207,6.5,10.15,10.45,10.315,10.4,10.45,-0.0499999999999989,-0.0048473097430924,0.33,-0.1728045325779036,0.031992244304411,0.0299999999999993,0.0029168692270295,0.11586468987013869,0.15035542673427207
2025-11-20 22:39:09 EST,110,10.41,10.545,20.78,176,6.5,10.1,10.45,10.3225,10.41,10.45,-0.0399999999999991,-0.0038750302736739,0.4450000000000003,-0.2307692307692307,0.0431097117946234,0.0075000000000002,0.0007270964614639,0.11586468987013869,0.14948136207924603
2025-11-20 23:16:14 EST,95,10.4,10.6,20.78,154,6.5,10.0,10.45,10.3,10.4,10.45,-0.0499999999999989,-0.0048543689320387,0.5999999999999996,-0.2369477911646586,0.0582524271844659,-0.022499999999999,-0.0021797045289415,0.11595260580722588,0.1487326791893859
2025-11-21 00:13:32 EST,82,10.4,10.65,20.78,151,6.5,10.0,10.45,10.325,10.4,10.45,-0.0499999999999989,-0.0048426150121064,0.6499999999999986,-0.296137339055794,0.0629539951573848,0.0249999999999985,0.0024271844660192,0.11427063722853839,0.14874061121776364
2025-11-21 01:20:01 EST,78,10.4,10.7,20.78,139,6.5,9.95,10.45,10.325,10.4,10.45,-0.0499999999999989,-0.0048426150121064,0.75,-0.2811059907834101,0.072639225181598,0.0,0.0,0.11446665666969554,0.14875270839403687
2025-11-21 02:13:54 EST,69,10.4,10.85,20.78,140,6.5,9.95,10.45,10.4,10.4,10.45,-0.0499999999999989,-0.0048076923076922,0.9000000000000004,-0.3397129186602871,0.0865384615384615,0.075000000000001,0.0072639225181599,0.11298281059142534,0.148250489534452
2025-11-21 03:18:22 EST,70,10.43,10.85,20.78,142,6.5,9.97,10.45,10.41,10.43,10.45,-0.0199999999999995,-0.0019212295869355,0.8800000000000008,-0.3396226415094339,0.0845341018251681,0.0099999999999997,0.0009615384615384,0.08374330764959176,0.14813911929388787
2025-11-21 04:14:01 EST,72,10.42,10.82,20.78,140,6.5,9.95,10.45,10.385,10.42,10.45,-0.0299999999999993,-0.0028887818969667,0.870000000000001,-0.320754716981132,0.0837746750120366,-0.0250000000000003,-0.0024015369836695,0.06710018129422017,0.14812239029281965
2025-11-21 05:13:34 EST,84,10.43,10.795,20.78,151,6.5,10.0,10.45,10.3975,10.43,10.45,-0.0199999999999995,-0.0019235393123346,0.7949999999999999,-0.2851063829787234,0.0764606876653041,0.012500000000001,0.0012036591237362,0.04360924562927848,0.14816517225920783
2025-11-21 06:10:58 EST,104,10.42,10.7,20.78,182,6.5,10.1,10.45,10.4,10.42,10.45,-0.0299999999999993,-0.0028846153846153,0.5999999999999996,-0.2727272727272727,0.0576923076923076,0.0024999999999995,0.0002404424140417,0.044939069055146795,0.14821698264093805
2025-11-21 07:24:02 EST,112,10.41,10.6,20.78,206,6.5,10.2,10.45,10.4,10.41,10.45,-0.0399999999999991,-0.0038461538461537,0.4000000000000003,-0.2955974842767295,0.0384615384615384,0.0,0.0,0.046620869090887626,0.14785253502363802
2025-11-21 08:23:10 EST,135,10.41,10.54,20.78,223,6.5,10.21,10.42,10.375,10.41,10.42,-0.0099999999999997,-0.0009638554216867,0.3299999999999983,-0.2458100558659217,0.0318072289156624,-0.0250000000000003,-0.0024038461538461,0.04379836870770938,0.14744496585221284
2025-11-21 09:12:53 EST,137,10.41,10.54,20.78,239,6.5,10.27,10.43,10.405,10.41,10.43,-0.0199999999999995,-0.0019221528111484,0.2699999999999996,-0.2712765957446808,0.0259490629505045,0.0299999999999993,0.0028915662650601,0.04041395852283696,0.1471822349012593
2025-11-21 10:12:27 EST,129,10.43,10.6,20.78,247,6.5,10.29,10.43,10.445,10.43,10.43,0.0,0.0,0.3100000000000005,-0.3138297872340425,0.0296792723791288,0.0400000000000009,0.003844305622297,0.04321528828217867,0.14699062701676052
2025-11-21 11:15:42 EST,141,10.42,10.51,20.78,231,6.5,10.25,10.42,10.38,10.42,10.42,0.0,0.0,0.2599999999999998,-0.2419354838709677,0.02504816955684,-0.0649999999999995,-0.006223073240785,0.04341290944556964,0.14678596144499026
2025-11-21 12:11:30 EST,152,10.42,10.5,20.78,231,6.5,10.25,10.42,10.375,10.42,10.42,0.0,0.0,0.25,-0.206266318537859,0.0240963855421686,-0.0050000000000007,-0.0004816955684008,0.043534796802284476,0.14603551405193588
2025-11-21 13:18:08 EST,168,10.41,10.47,20.78,212,6.5,10.2,10.4,10.335,10.41,10.4,0.0099999999999997,0.0009675858732462,0.2700000000000013,-0.1157894736842105,0.0261248185776488,-0.0399999999999991,-0.0038554216867469,0.04380547724844461,0.1442410548122666
2025-11-21 14:10:48 EST,180,10.4,10.46,20.78,208,6.5,10.2,10.43,10.33,10.4,10.43,-0.0299999999999993,-0.0029041626331073,0.2600000000000015,-0.0721649484536082,0.0251694094869314,-0.0050000000000007,-0.0004837929366232,0.04324462247720311,0.14406206828221432
2025-11-21 15:14:30 EST,184,10.37,10.45,20.78,187,6.5,10.1,10.43,10.275,10.37,10.43,-0.0600000000000005,-0.0058394160583942,0.3499999999999996,-0.0080862533692722,0.0340632603406325,-0.0549999999999997,-0.0053242981606969,0.04515961527135348,0.14394077808556843
2025-11-21 16:11:23 EST,183,10.34,10.45,20.78,172,6.5,10.02,10.43,10.235,10.34,10.43,-0.0899999999999998,-0.0087933561309232,0.4299999999999997,0.0309859154929577,0.0420127015144113,-0.0400000000000009,-0.0038929440389295,0.05131413890397623,0.14410778935433716
2025-11-21 17:12:11 EST,183,10.34,10.45,20.78,186,6.5,10.1,10.33,10.275,10.34,10.33,0.0099999999999997,0.0009732360097323,0.3499999999999996,-0.008130081300813,0.0340632603406325,0.0400000000000009,0.0039081582804104,0.05332671635815835,0.14419112357059924
2025-11-21 18:11:39 EST,165,10.34,10.47,20.78,196,6.5,10.1,10.34,10.285,10.34,10.34,0.0,0.0,0.370000000000001,-0.0858725761772853,0.0359747204666991,0.0099999999999997,0.0009732360097323,0.054703995959346954,0.1438631901471891
2025-11-21 19:56:30 EST,165,10.36,10.46,20.78,209,6.5,10.15,10.33,10.305,10.36,10.33,0.0299999999999993,0.0029112081513827,0.3100000000000005,-0.1176470588235294,0.0300824842309558,0.0199999999999995,0.0019445794846863,0.0549847640294065,0.14267223606813387
2025-11-21 21:22:59 EST,155,10.35,10.47,20.78,200,6.5,10.14,10.35,10.305,10.35,10.35,0.0,0.0,0.33,-0.1267605633802817,0.032023289665211,0.0,0.0,0.05417823176432268,0.14085091040429484
2025-11-21 22:33:49 EST,136,10.38,10.495,20.78,173,6.5,10.0,10.37,10.2475,10.38,10.37,0.0100000000000015,0.0009758477677483,0.495000000000001,-0.1197411003236245,0.0483044645035375,-0.0574999999999992,-0.0055798156234836,0.05750935257908159,0.13921637230458822
2025-11-21 23:14:30 EST,123,10.38,10.5,20.78,149,6.5,9.95,10.35,10.225,10.38,10.35,0.0300000000000011,0.0029339853300734,0.5500000000000007,-0.0955882352941176,0.0537897310513448,-0.0225000000000008,-0.0021956574774336,0.062282956470239334,0.13825356986136716
2025-11-22 00:12:03 EST,107,10.38,10.5,20.78,144,6.5,9.95,10.33,10.225,10.38,10.33,0.0500000000000007,0.0048899755501223,0.5500000000000007,-0.147410358565737,0.0537897310513448,0.0,0.0,0.06609823332951009,0.13804845964321852
2025-11-22 01:17:21 EST,98,10.36,10.495,20.78,132,6.5,9.8,10.33,10.1475,10.36,10.33,0.0299999999999993,0.0029563932002955,0.6950000000000003,-0.1478260869565217,0.068489775806849,-0.0774999999999987,-0.0075794621026893,0.07649942869451068,0.13852429015056816
2025-11-22 02:11:17 EST,90,10.38,10.5,20.78,126,6.5,9.785,10.32,10.1425,10.38,10.32,0.0600000000000005,0.0059157012570865,0.7149999999999999,-0.1666666666666666,0.0704954399802809,-0.0050000000000007,-0.0004927322000493,0.08542704956340283,0.13896772510668862
2025-11-22 03:15:40 EST,88,10.37,10.5,20.78,127,6.5,9.7,10.32,10.1,10.37,10.32,0.0499999999999989,0.0049504950495048,0.8000000000000007,-0.1813953488372093,0.0792079207920792,-0.0425000000000004,-0.0041902883904363,0.09480505360165208,0.13942740733374726
2025-11-22 04:12:07 EST,88,10.38,10.5,20.78,128,6.5,9.785,10.32,10.1425,10.38,10.32,0.0600000000000005,0.0059157012570865,0.7149999999999999,-0.1851851851851851,0.0704954399802809,0.0425000000000004,0.0042079207920792,0.09802805489811324,0.13938171806403227
2025-11-22 05:12:27 EST,108,10.36,10.46,20.78,155,6.5,10.0,10.34,10.23,10.36,10.34,0.0199999999999995,0.0019550342130986,0.4600000000000008,-0.1787072243346007,0.0449657869012708,0.0875000000000003,0.0086270643332512,0.0971071027380583,0.13922151112999645
2025-11-22 06:09:13 EST,128,10.35,10.46,20.78,174,6.5,10.0,10.34,10.23,10.35,10.34,0.0099999999999997,0.0009775171065493,0.4600000000000008,-0.152317880794702,0.0449657869012708,0.0,0.0,0.0951141095767889,0.1389141055962416
2025-11-22 07:21:13 EST,147,10.37,10.46,20.78,206,6.5,10.1,12.0,10.28,10.37,12.0,-1.6300000000000008,-0.1585603112840467,0.3600000000000012,-0.1671388101983003,0.0350194552529184,0.0499999999999989,0.0048875855327467,0.09184674341188086,0.13888034158306498
2025-11-22 08:18:17 EST,158,10.36,10.455,20.78,215,6.5,10.1,10.36,10.2775,10.36,10.36,0.0,0.0,0.3550000000000004,-0.1528150134048257,0.0345414740938944,-0.0024999999999995,-0.0002431906614785,0.08815740359139693,0.13889599366392028
2025-11-22 09:10:43 EST,150,10.36,10.48,20.78,223,6.5,10.15,10.36,10.315,10.36,10.36,0.0,0.0,0.33,-0.195710455764075,0.031992244304411,0.0374999999999996,0.0036487472634395,0.08598843187703818,0.13888625793534945
2025-11-22 10:10:59 EST,155,10.37,10.47,20.78,237,6.5,10.2,12.0,10.335,10.37,12.0,-1.6300000000000008,-0.1577164973391389,0.2700000000000013,-0.2091836734693877,0.0261248185776488,0.0200000000000013,0.0019389238972371,0.08236917327815703,0.13887391888361575
2025-11-22 11:13:58 EST,157,10.37,10.46,20.78,265,6.5,10.26,10.38,10.36,10.37,10.38,-0.0100000000000015,-0.0009652509652511,0.200000000000001,-0.2559241706161137,0.0193050193050194,0.0249999999999985,0.0024189646831154,0.07603088319413763,0.13891110354255504
2025-11-22 12:10:15 EST,125,10.4,10.53,20.78,263,6.5,10.26,10.4,10.395,10.4,10.4,0.0,0.0,0.2699999999999996,-0.3556701030927835,0.0259740259740259,0.0350000000000001,0.0033783783783783,0.07707273233022052,0.13902161717666328
2025-11-22 13:16:23 EST,107,10.42,10.53,20.7,259,6.5,10.26,10.43,10.395,10.42,10.43,-0.0099999999999997,-0.0009620009620009,0.2699999999999996,-0.4153005464480874,0.0259740259740259,0.0,0.0,0.07840453613303973,0.13913140257476173
2025-11-22 14:09:01 EST,124,10.44,10.52,20.7,234,6.5,10.2,10.43,10.36,10.44,10.43,0.0099999999999997,0.0009652509652509,0.3200000000000003,-0.3072625698324022,0.0308880308880309,-0.0350000000000001,-0.0033670033670033,0.0795144202353735,0.13915999678382973
2025-11-22 15:13:18 EST,153,10.4,10.5,20.7,216,6.5,10.1,10.39,10.3,10.4,10.39,0.0099999999999997,0.0009708737864077,0.4000000000000003,-0.1707317073170731,0.0388349514563107,-0.0599999999999987,-0.0057915057915056,0.0787192975576907,0.1391672162507551
2025-11-22 16:10:52 EST,156,10.4,10.48,20.7,214,6.5,10.1,10.37,10.29,10.4,10.37,0.0300000000000011,0.0029154518950438,0.3800000000000008,-0.1567567567567567,0.0369290573372206,-0.0100000000000015,-0.0009708737864079,0.07885208761358027,0.13913438706629563
2025-11-22 17:11:27 EST,180,10.38,10.46,20.7,214,6.5,10.1,10.36,10.28,10.38,10.36,0.0200000000000013,0.0019455252918289,0.3600000000000012,-0.0862944162436548,0.0350194552529184,-0.0099999999999997,-0.0009718172983478,0.0785983846452703,0.13916545143782855
2025-11-22 18:11:49 EST,183,10.37,10.45,20.7,222,6.5,10.14,10.36,10.295,10.37,10.36,0.0099999999999997,0.0009713453132588,0.3099999999999987,-0.0962962962962963,0.0301117047110246,0.0150000000000005,0.0014591439688716,0.07877451021840902,0.13916994626421542
2025-11-22 20:06:53 EST,150,10.38,10.48,20.7,220,6.5,10.15,10.35,10.315,10.38,10.35,0.0300000000000011,0.0029083858458556,0.33,-0.1891891891891892,0.031992244304411,0.0199999999999995,0.0019426906265176,0.07926797960453537,0.13915482847198754
2025-11-22 23:27:17 EST,117,10.38,10.47,20.7,157,6.5,9.95,10.34,10.21,10.38,10.34,0.0400000000000009,0.0039177277179236,0.5200000000000014,-0.145985401459854,0.0509304603330069,-0.1049999999999986,-0.0101793504604942,0.07985203424580771,0.13940286468589624
2025-11-23 00:12:39 EST,102,10.39,10.49,20.7,149,6.5,9.95,10.34,10.22,10.39,10.34,0.0500000000000007,0.0048923679060666,0.5400000000000009,-0.1872509960159362,0.0528375733855186,0.0099999999999997,0.0009794319294808,0.0799676536736144,0.1396056714609506
2025-11-23 01:18:12 EST,85,10.39,10.5,20.7,135,6.5,9.8,10.35,10.15,10.39,10.35,0.0400000000000009,0.0039408866995074,0.6999999999999993,-0.2272727272727272,0.0689655172413792,-0.0700000000000002,-0.0068493150684931,0.08321223084573516,0.1401890022935365
2025-11-23 02:12:13 EST,82,10.39,10.5,20.7,136,6.5,9.8,10.34,10.15,10.39,10.34,0.0500000000000007,0.0049261083743843,0.6999999999999993,-0.2477064220183486,0.0689655172413792,0.0,0.0,0.08591551925746813,0.14071406543313647
2025-11-23 03:15:40 EST,82,10.38,10.5,20.7,138,6.5,9.81,10.34,10.155,10.38,10.34,0.0400000000000009,0.0039389463318563,0.6899999999999995,-0.2545454545454545,0.0679468242245198,0.004999999999999,0.0004926108374383,0.08817364907561277,0.14122394824239615
2025-11-23 04:12:12 EST,81,10.38,10.5,20.7,138,6.5,9.88,10.34,10.19,10.38,10.34,0.0400000000000009,0.0039254170755643,0.6199999999999992,-0.2602739726027397,0.0608439646712462,0.0350000000000001,0.0034465780403742,0.0863683943761053,0.14147722115617478
2025-11-23 05:12:17 EST,99,10.38,10.5,20.7,148,6.5,9.95,10.34,10.225,10.38,10.34,0.0400000000000009,0.0039119804400978,0.5500000000000007,-0.1983805668016194,0.0537897310513448,0.0350000000000001,0.0034347399411187,0.08328730612958928,0.14161687434267206
2025-11-23 06:09:46 EST,123,10.37,10.45,20.7,162,6.5,10.0,10.34,10.225,10.37,10.34,0.0299999999999993,0.0029339853300732,0.4499999999999993,-0.1368421052631579,0.0440097799511001,0.0,0.0,0.07659505555998415,0.14178223624493047
2025-11-23 07:21:16 EST,131,10.37,10.45,20.7,179,6.5,10.0,10.34,10.225,10.37,10.34,0.0299999999999993,0.0029339853300732,0.4499999999999993,-0.1548387096774193,0.0440097799511001,0.0,0.0,0.07267774002356414,0.14194269102704474
2025-11-23 08:18:33 EST,159,10.35,10.43,20.7,183,6.5,10.0,10.34,10.215,10.35,10.34,0.0099999999999997,0.0009789525208027,0.4299999999999997,-0.0701754385964912,0.0420949583945178,-0.0099999999999997,-0.0009779951100244,0.07307299494741502,0.14212154956213585
2025-11-23 09:10:51 EST,155,10.35,10.45,20.7,201,6.5,10.05,10.33,10.25,10.35,10.33,0.0199999999999995,0.001951219512195,0.3999999999999986,-0.1292134831460674,0.0390243902439023,0.0350000000000001,0.0034263338228096,0.07275372581229407,0.14220223791034062
2025-11-23 10:11:13 EST,148,10.36,10.45,20.7,208,6.5,10.1,10.34,10.275,10.36,10.34,0.0199999999999995,0.0019464720194646,0.3499999999999996,-0.1685393258426966,0.0340632603406325,0.0250000000000003,0.0024390243902439,0.07272259369730438,0.14222313197439201
2025-11-23 11:13:53 EST,155,10.37,10.44,20.7,211,6.5,10.1,10.35,10.27,10.37,10.35,0.0199999999999995,0.0019474196689386,0.3399999999999998,-0.1530054644808743,0.0331061343719571,-0.0050000000000007,-0.0004866180048662,0.0726915261293896,0.14226012629186505
2025-11-23 12:10:20 EST,148,10.36,10.445,20.7,203,6.5,10.05,10.35,10.2475,10.36,10.35,0.0099999999999997,0.0009758477677482,0.3949999999999996,-0.1566951566951566,0.038545986826055,-0.022499999999999,-0.0021908471275558,0.07204308480934003,0.1423438418706814
2025-11-23 13:17:00 EST,147,10.36,10.45,20.7,221,6.5,10.1,10.36,10.275,10.36,10.36,0.0,0.0,0.3499999999999996,-0.2010869565217391,0.0340632603406325,0.0274999999999998,0.0026835813613076,0.07049120808066625,0.1422048697116352
2025-11-23 14:09:40 EST,144,10.36,10.45,20.7,217,6.5,10.1,10.35,10.275,10.36,10.35,0.0099999999999997,0.0009732360097323,0.3499999999999996,-0.2022160664819944,0.0340632603406325,0.0,0.0,0.0673864282072198,0.14220086324476375
2025-11-23 15:14:01 EST,169,10.36,10.44,20.7,235,6.5,10.16,10.35,10.3,10.36,10.35,0.0099999999999997,0.0009708737864077,0.2799999999999993,-0.1633663366336633,0.0271844660194174,0.0250000000000003,0.0024330900243309,0.061511660111844786,0.1421913342146206
2025-11-23 16:11:16 EST,164,10.36,10.445,20.7,234,6.5,10.18,10.36,10.3125,10.36,10.36,0.0,0.0,0.2650000000000005,-0.1758793969849246,0.0256969696969697,0.0124999999999992,0.0012135922330096,0.05526943228342804,0.14218895910333312
2025-11-23 17:11:32 EST,146,10.39,10.455,20.7,229,6.5,10.2,10.36,10.3275,10.39,10.36,0.0300000000000011,0.0029048656499637,0.2550000000000008,-0.2213333333333333,0.0246913580246914,0.0150000000000005,0.0014545454545455,0.05281125384436139,0.1421839181271727
2025-11-23 18:11:37 EST,154,10.38,10.45,20.7,219,6.5,10.11,10.36,10.28,10.38,10.36,0.0200000000000013,0.0019455252918289,0.3399999999999998,-0.1742627345844504,0.0330739299610894,-0.0475000000000012,-0.0045993706124426,0.05212588841217461,0.14220521513193918
2025-11-23 20:03:05 EST,155,10.37,10.45,20.7,228,6.5,10.135000000000002,10.36,10.2925,10.37,10.36,0.0099999999999997,0.0009715812484818,0.3149999999999977,-0.1906005221932115,0.0306048093271797,0.012500000000001,0.001215953307393,0.05221541223975142,0.14221013316810854
2025-11-23 22:17:29 EST,113,10.39,10.5,20.7,183,6.5,10.05,10.36,10.275,10.39,10.36,0.0300000000000011,0.0029197080291971,0.4499999999999993,-0.2364864864864864,0.0437956204379561,-0.0175,-0.0017002671848433,0.05209340482337296,0.1422356331097561
2025-11-23 23:28:17 EST,81,10.4,10.68,20.7,169,6.5,10.0,10.36,10.34,10.4,10.36,0.0400000000000009,0.0038684719535784,0.6799999999999997,-0.352,0.0657640232108316,0.0649999999999995,0.0063260340632602,0.054603312528960585,0.14217151115933535
2025-11-24 00:14:41 EST,84,10.4,10.6,20.7,166,6.5,10.005,10.38,10.3025,10.4,10.38,0.0199999999999995,0.0019412763892258,0.5950000000000006,-0.328,0.057752972579471,-0.0374999999999996,-0.0036266924564796,0.0540127760987061,0.14216725930864826
2025-11-24 01:20:44 EST,68,10.4,10.74,20.7,156,6.5,10.0,10.38,10.37,10.4,10.38,0.0199999999999995,0.0019286403085824,0.7400000000000002,-0.3928571428571428,0.0713596914175506,0.067499999999999,0.0065518078136373,0.05860692182871365,0.1422338358895518
2025-11-24 02:13:46 EST,67,10.4,10.8,20.7,149,6.5,9.95,10.37,10.375,10.4,10.37,0.0300000000000011,0.0028915662650603,0.8500000000000014,-0.3796296296296296,0.0819277108433736,0.0050000000000007,0.0004821600771456,0.06283812522576804,0.1423144762278152
2025-11-24 03:19:15 EST,67,10.4,10.85,20.7,146,6.5,9.95,10.37,10.4,10.4,10.37,0.0300000000000011,0.0028846153846154,0.9000000000000004,-0.3708920187793427,0.0865384615384615,0.0250000000000003,0.0024096385542169,0.0640693372986611,0.14244490215413205
2025-11-24 04:16:51 EST,69,10.4,10.85,20.7,146,6.5,9.95,10.37,10.4,10.4,10.37,0.0300000000000011,0.0028846153846154,0.9000000000000004,-0.3581395348837209,0.0865384615384615,0.0,0.0,0.06351913653795684,0.14257061114170713
2025-11-24 05:15:18 EST,86,10.4,10.62,20.7,171,6.5,10.02,10.37,10.32,10.4,10.37,0.0300000000000011,0.0029069767441861,0.6000000000000014,-0.3307392996108949,0.058139534883721,-0.08,-0.0076923076923076,0.05767370972535347,0.14255048452518768
2025-11-24 06:11:48 EST,101,10.4,10.5,20.7,201,6.5,10.1,10.37,10.3,10.4,10.37,0.0300000000000011,0.0029126213592234,0.4000000000000003,-0.3311258278145695,0.0388349514563107,-0.0199999999999995,-0.0019379844961239,0.05358089762766131,0.14241264709526336
2025-11-24 07:25:54 EST,112,10.4,10.5,20.7,243,6.5,10.23,10.39,10.365,10.4,10.39,0.0099999999999997,0.0009647853352628,0.2699999999999996,-0.3690140845070422,0.0260492040520983,0.0649999999999995,0.0063106796116504,0.053260430529158374,0.14238853685878283
2025-11-24 08:28:30 EST,131,10.41,10.5,20.7,267,6.5,10.26,10.4,10.38,10.41,10.4,0.0099999999999997,0.0009633911368015,0.2400000000000002,-0.3417085427135678,0.023121387283237,0.0150000000000005,0.0014471780028944,0.05307558443437108,0.14238853685878283
2025-11-24 09:13:39 EST,131,10.42,10.5,20.7,263,6.5,10.25,10.42,10.375,10.42,10.42,0.0,0.0,0.25,-0.3350253807106599,0.0240963855421686,-0.0050000000000007,-0.0004816955684008,0.051792922233496595,0.14219240660510052
2025-11-24 10:14:49 EST,165,10.41,10.48,20.7,264,6.5,10.25,10.4,10.365,10.41,10.4,0.0099999999999997,0.0009647853352628,0.2300000000000004,-0.2307692307692307,0.0221900627110468,-0.0099999999999997,-0.0009638554216867,0.04833259151112079,0.14197084376267255
2025-11-24 11:14:31 EST,188,10.4,10.45,20.73,242,6.5,10.2,10.38,10.325,10.4,10.38,0.0199999999999995,0.0019370460048425,0.25,-0.1255813953488372,0.0242130750605326,-0.0400000000000009,-0.0038591413410517,0.045999246803929084,0.14124276239308184
2025-11-24 12:12:38 EST,179,10.4,10.45,20.73,242,6.5,10.205,10.38,10.3275,10.4,10.38,0.0199999999999995,0.0019365770999757,0.2449999999999992,-0.1496437054631829,0.0237230694747033,0.0025000000000012,0.0002421307506054,0.04486089611239507,0.1394565278977504
2025-11-24 13:19:47 EST,179,10.39,10.44,20.73,226,6.5,10.135000000000002,10.36,10.2875,10.39,10.36,0.0300000000000011,0.0029161603888214,0.3049999999999979,-0.1160493827160493,0.0296476306196838,-0.0400000000000009,-0.0038731541999516,0.04406319058465782,0.13867803546072835
2025-11-24 14:08:30 EST,194,10.4,10.44,20.73,251,6.5,10.2,10.37,10.32,10.4,10.37,0.0300000000000011,0.0029069767441861,0.2400000000000002,-0.1280898876404494,0.0232558139534883,0.0325000000000006,0.0031591737545565,0.040833703044850435,0.1374044759822617
2025-11-24 15:14:59 EST,171,10.39,10.46,20.73,268,6.5,10.255,10.38,10.3575,10.39,10.38,0.0099999999999997,0.0009654839488293,0.2050000000000018,-0.2209567198177676,0.0197924209510018,0.0374999999999996,0.0036337209302325,0.039564974766428916,0.13722764375328936
2025-11-24 16:12:21 EST,133,10.41,10.5,20.73,276,6.5,10.285,10.42,10.3925,10.41,10.42,-0.0099999999999997,-0.0009622323791195,0.2149999999999998,-0.3496332518337408,0.0206879961510704,0.0350000000000001,0.0033791938209027,0.03945048262971646,0.13708221582865004
2025-11-24 17:11:55 EST,146,10.43,10.495,20.73,258,6.5,10.23,10.44,10.3625,10.43,10.44,-0.0099999999999997,-0.0009650180940892,0.2650000000000005,-0.2772277227722772,0.0255729794933655,-0.0299999999999993,-0.0028866971373586,0.03895588712007253,0.13709943646897702
2025-11-24 18:12:09 EST,136,10.42,10.5,20.73,274,6.5,10.285,10.43,10.3925,10.42,10.43,-0.0099999999999997,-0.0009622323791195,0.2149999999999998,-0.3365853658536585,0.0206879961510704,0.0299999999999993,0.0028950542822677,0.03993867014806547,0.13725152442769897
2025-11-24 19:58:39 EST,129,10.43,10.5,20.73,255,6.5,10.25,10.43,10.375,10.43,10.43,0.0,0.0,0.25,-0.328125,0.0240963855421686,-0.0175,-0.0016839066634592,0.04031128874158725,0.1373527666175852
2025-11-24 21:44:53 EST,99,10.45,10.68,20.73,246,6.5,10.275,10.44,10.4775,10.45,10.44,0.0099999999999997,0.0009544261512765,0.4050000000000011,-0.4260869565217391,0.0386542591267001,0.1024999999999991,0.009879518072289,0.04619476235298103,0.13784333754438324
2025-11-24 22:44:18 EST,89,10.44,10.7,20.73,217,6.5,10.2,10.45,10.45,10.44,10.45,-0.0099999999999997,-0.000956937799043,0.5,-0.4183006535947712,0.0478468899521531,-0.0274999999999998,-0.0026246719160104,0.04833036597596059,0.13769292658021717
2025-11-24 23:19:25 EST,95,10.44,10.6,20.73,191,6.5,10.1,10.46,10.35,10.44,10.46,-0.0200000000000013,-0.0019323671497585,0.5,-0.3356643356643357,0.0483091787439613,-0.0999999999999996,-0.0095693779904305,0.04491336265451053,0.13733386076436635
2025-11-25 00:13:47 EST,81,10.44,10.8,20.73,180,6.5,10.1,10.44,10.45,10.44,10.44,0.0,0.0,0.7000000000000011,-0.3793103448275862,0.0669856459330144,0.0999999999999996,0.0096618357487922,0.047980974490433294,0.1377740475783721
2025-11-25 01:20:30 EST,82,10.45,10.8,20.73,170,6.5,10.01,10.43,10.405,10.45,10.43,0.0199999999999995,0.0019221528111484,0.7900000000000009,-0.3492063492063492,0.0759250360403653,-0.0449999999999999,-0.0043062200956937,0.04648210950066062,0.13794063773127221
2025-11-25 02:14:12 EST,77,10.45,10.8,20.73,156,6.5,10.0,10.43,10.4,10.45,10.43,0.0199999999999995,0.0019230769230768,0.8000000000000007,-0.3390557939914163,0.0769230769230769,-0.004999999999999,-0.000480538202787,0.04683446314856226,0.1380762084537402
2025-11-25 03:18:34 EST,72,10.45,10.955,20.73,155,6.5,10.0,10.45,10.4775,10.45,10.45,0.0,0.0,0.955,-0.3656387665198238,0.09114769744691,0.0774999999999987,0.0074519230769229,0.05146715218109024,0.1383062712616533
2025-11-25 04:16:13 EST,81,10.45,10.8,20.73,162,6.5,10.0,10.45,10.4,10.45,10.45,0.0,0.0,0.8000000000000007,-0.3333333333333333,0.0769230769230769,-0.0774999999999987,-0.0073968026723931,0.05146715218109024,0.1381676372040814
2025-11-25 05:19:44 EST,105,10.45,10.6,20.73,189,6.5,10.1,10.45,10.35,10.45,10.45,0.0,0.0,0.5,-0.2857142857142857,0.0483091787439613,-0.0500000000000007,-0.0048076923076923,0.05151992368239839,0.13781321740442726
2025-11-25 06:12:02 EST,111,10.45,10.56,20.73,215,6.5,10.16,10.45,10.36,10.45,10.45,0.0,0.0,0.4000000000000003,-0.3190184049079754,0.0386100386100386,0.0099999999999997,0.0009661835748792,0.05028856945071728,0.13758557408534058
2025-11-25 07:26:39 EST,135,10.46,10.54,20.73,240,6.5,10.27,10.45,10.405,10.46,10.45,0.0100000000000015,0.0009610764055743,0.2699999999999996,-0.28,0.0259490629505045,0.0449999999999999,0.0043436293436293,0.04781645159865665,0.1369827666639744
2025-11-25 08:29:06 EST,122,10.44,10.595,20.73,247,6.5,10.29,10.47,10.4425,10.44,10.47,-0.0300000000000011,-0.0028728752693321,0.3049999999999997,-0.3387533875338753,0.0292075652382092,0.0375000000000014,0.0036040365209035,0.04926624189633513,0.1371523101017215
2025-11-25 09:13:19 EST,150,10.44,10.515,20.73,238,6.5,10.23,10.46,10.3725,10.44,10.46,-0.0200000000000013,-0.0019281754639673,0.2850000000000001,-0.2268041237113402,0.0274765003615329,-0.0700000000000002,-0.0067033756284414,0.04931964655429287,0.13666358400142892
2025-11-25 10:14:34 EST,176,10.44,10.49,20.73,217,6.5,10.12,10.46,10.305,10.44,10.46,-0.0200000000000013,-0.0019408054342553,0.370000000000001,-0.104325699745547,0.0359049005337215,-0.0675000000000007,-0.0065075921908894,0.05188825786588185,0.13645971537684606
2025-11-25 11:17:11 EST,195,10.42,10.48,20.73,225,6.5,10.16,10.42,10.32,10.42,10.42,0.0,0.0,0.3200000000000003,-0.0714285714285714,0.0310077519379845,0.0150000000000005,0.0014556040756914,0.053294964685962065,0.136224552118709
2025-11-25 12:13:45 EST,167,10.43,10.49,20.73,238,6.5,10.205,10.42,10.3475,10.43,10.42,0.0099999999999997,0.0009664170089393,0.2850000000000001,-0.1753086419753086,0.0275428847547716,0.0274999999999998,0.0026647286821705,0.052488676315113385,0.13570001474968682
2025-11-25 13:19:55 EST,187,10.4,10.47,20.73,202,6.5,10.11,10.42,10.29,10.4,10.42,-0.0199999999999995,-0.0019436345966957,0.3600000000000012,-0.0385604113110539,0.0349854227405249,-0.0575000000000009,-0.0055568978014014,0.054643110867022955,0.1352006982938601
2025-11-25 14:10:52 EST,224,10.4,10.46,20.73,221,6.5,10.18,10.42,10.32,10.4,10.42,-0.0199999999999995,-0.0019379844961239,0.2800000000000011,0.0067415730337078,0.0271317829457365,0.0300000000000011,0.0029154518950438,0.05264978202338395,0.134695442634628
2025-11-25 15:14:31 EST,227,10.38,10.46,20.73,224,6.5,10.2,10.42,10.33,10.38,10.42,-0.0399999999999991,-0.0038722168441431,0.2600000000000015,0.0066518847006651,0.0251694094869314,0.0099999999999997,0.0009689922480619,0.052191011879660826,0.13406731431489066
2025-11-25 16:12:01 EST,210,10.38,10.46,20.73,233,6.5,10.2,10.42,10.33,10.38,10.42,-0.0399999999999991,-0.0038722168441431,0.2600000000000015,-0.0519187358916478,0.0251694094869314,0.0,0.0,0.05301379024867127,0.1338907174904641
2025-11-25 17:12:50 EST,173,10.39,10.47,20.73,221,6.5,10.2,10.42,10.335,10.39,10.42,-0.0299999999999993,-0.0029027576197386,0.2700000000000013,-0.1218274111675127,0.0261248185776488,0.0050000000000007,0.0004840271055179,0.05368982560221922,0.133453099056737
2025-11-25 18:12:10 EST,189,10.39,10.47,20.73,241,6.5,10.21,10.42,10.34,10.39,10.42,-0.0299999999999993,-0.0029013539651836,0.2599999999999998,-0.1209302325581395,0.0251450676982591,0.004999999999999,0.000483792936623,0.05414812949257357,0.13331869801565854
2025-11-25 19:59:18 EST,196,10.39,10.46,20.73,227,6.5,10.2,10.42,10.33,10.39,10.42,-0.0299999999999993,-0.0029041626331073,0.2600000000000015,-0.0732860520094562,0.0251694094869314,-0.0099999999999997,-0.0009671179883945,0.054820916450229,0.13321344683501282
2025-11-25 21:45:51 EST,201,10.39,10.46,20.73,200,6.5,10.1,10.42,10.28,10.39,10.42,-0.0299999999999993,-0.0029182879377431,0.3600000000000012,0.0024937655860349,0.0350194552529184,-0.0500000000000007,-0.0048402710551791,0.0580384953148674,0.13285575401848407
2025-11-25 22:43:43 EST,171,10.39,10.47,20.73,170,6.5,10.005,10.42,10.2375,10.39,10.42,-0.0299999999999993,-0.0029304029304028,0.4650000000000016,0.002932551319648,0.0454212454212455,-0.0424999999999986,-0.004134241245136,0.05928000600815282,0.1316745386277317
2025-11-25 23:19:00 EST,146,10.39,10.475,20.73,163,6.5,10.0,10.42,10.2375,10.39,10.42,-0.0299999999999993,-0.0029304029304028,0.4750000000000014,-0.0550161812297734,0.0463980463980465,0.0,0.0,0.061016079491632846,0.13162702393477616
2025-11-26 00:13:13 EST,120,10.39,10.47,20.73,141,6.5,10.0,10.42,10.235,10.39,10.42,-0.0299999999999993,-0.0029311187103077,0.4700000000000006,-0.0804597701149425,0.0459208597948217,-0.0025000000000012,-0.0002442002442003,0.06542364727830285,0.13160616484732046
2025-11-26 01:20:19 EST,104,10.39,10.48,20.73,136,6.5,9.95,10.42,10.215,10.39,10.42,-0.0299999999999993,-0.0029368575624081,0.5300000000000011,-0.1333333333333333,0.0518844836025453,-0.0199999999999995,-0.0019540791402051,0.0667283455621101,0.1317350239826093
2025-11-26 02:13:21 EST,95,10.39,10.5,20.73,127,6.5,9.8,10.42,10.15,10.39,10.42,-0.0299999999999993,-0.0029556650246304,0.6999999999999993,-0.1441441441441441,0.0689655172413792,-0.0649999999999995,-0.0063631913852177,0.07505312128419142,0.1319081400249188
2025-11-26 03:18:07 EST,99,10.39,10.5,20.73,124,6.5,9.8,10.42,10.15,10.39,10.42,-0.0299999999999993,-0.0029556650246304,0.6999999999999993,-0.1121076233183856,0.0689655172413792,0.0,0.0,0.0813373276520179,0.1320355369238322
2025-11-26 04:15:36 EST,101,10.39,10.54,20.73,122,6.5,9.785,10.42,10.1625,10.39,10.42,-0.0299999999999993,-0.0029520295202951,0.754999999999999,-0.0941704035874439,0.0742927429274291,0.0124999999999992,0.0012315270935959,0.07936654782116723,0.13237556094692923
2025-11-26 05:15:06 EST,132,10.39,10.47,20.73,146,6.5,10.0,10.42,10.235,10.39,10.42,-0.0299999999999993,-0.0029311187103077,0.4700000000000006,-0.0503597122302158,0.0459208597948217,0.0724999999999997,0.0071340713407133,0.07762437425362492,0.13233190387972066
2025-11-26 06:11:48 EST,154,10.39,10.47,20.73,175,6.5,10.06,10.42,10.265,10.39,10.42,-0.0299999999999993,-0.0029225523623964,0.4100000000000001,-0.0638297872340425,0.039941548952752,0.0300000000000011,0.0029311187103078,0.07694194828442394,0.1314645702866821
2025-11-26 07:26:46 EST,166,10.38,10.45,20.73,181,6.5,10.1,10.42,10.275,10.38,10.42,-0.0399999999999991,-0.0038929440389293,0.3499999999999996,-0.0432276657060518,0.0340632603406325,0.0099999999999997,0.0009741841207988,0.07559426402597595,0.13100395658530362
2025-11-26 08:29:40 EST,179,10.35,10.45,20.73,212,6.5,10.155,10.4,10.3025,10.35,10.4,-0.0500000000000007,-0.0048531909730648,0.2949999999999981,-0.0843989769820971,0.028633826741082,0.0274999999999998,0.0026763990267639,0.07147506089340397,0.12900761159361052
2025-11-26 09:14:10 EST,181,10.38,10.46,20.73,245,6.5,10.22,10.39,10.34,10.38,10.39,-0.0099999999999997,-0.0009671179883945,0.2400000000000002,-0.1502347417840375,0.02321083172147,0.0374999999999996,0.0036398932297985,0.06426951573008348,0.1269964735042145
2025-11-26 10:12:28 EST,204,10.37,10.45,20.73,248,6.5,10.22,10.39,10.335,10.37,10.39,-0.0200000000000013,-0.0019351717464926,0.2299999999999986,-0.0973451327433628,0.0222544750846636,-0.004999999999999,-0.0004835589941971,0.06233374626892351,0.11977541344097242
2025-11-26 11:19:25 EST,204,10.38,10.45,20.73,262,6.5,10.255,10.39,10.3525,10.38,10.39,-0.0099999999999997,-0.0009659502535619,0.1950000000000002,-0.1244635193133047,0.0188360299444578,0.0174999999999982,0.0016932752781807,0.06396719890879558,0.11642196430269769
2025-11-26 12:12:11 EST,191,10.39,10.45,20.73,239,6.5,10.23,10.39,10.34,10.39,10.39,0.0,0.0,0.2199999999999988,-0.1116279069767441,0.0212765957446807,-0.0124999999999992,-0.0012074378169523,0.0646405193291018,0.10927878013363905
2025-11-26 13:16:19 EST,188,10.39,10.45,20.73,235,6.5,10.22,10.39,10.335,10.39,10.39,0.0,0.0,0.2299999999999986,-0.1111111111111111,0.0222544750846636,-0.004999999999999,-0.0004835589941971,0.06412656967600354,0.10120548596934097
2025-11-26 14:10:08 EST,226,10.35,10.42,20.73,212,6.5,10.15,10.39,10.285,10.35,10.39,-0.0400000000000009,-0.0038891589693729,0.2699999999999996,0.0319634703196347,0.0262518230432668,-0.0500000000000007,-0.0048379293662313,0.06410113937244889,0.09196621231935373
2025-11-26 15:14:13 EST,213,10.34,10.42,20.73,199,6.5,10.14,10.39,10.28,10.34,10.39,-0.0500000000000007,-0.004863813229572,0.2799999999999993,0.0339805825242718,0.027237354085603,-0.0050000000000007,-0.0004861448711716,0.06353054369269605,0.08884312620926751
2025-11-26 16:11:23 EST,204,10.35,10.42,20.73,211,6.5,10.16,10.35,10.29,10.35,10.35,0.0,0.0,0.2599999999999998,-0.016867469879518,0.0252672497570456,0.0099999999999997,0.0009727626459143,0.06263165481438342,0.08645763786260409
2025-11-26 17:12:42 EST,195,10.35,10.44,20.73,209,6.5,10.15,10.35,10.295,10.35,10.35,0.0,0.0,0.2899999999999991,-0.0346534653465346,0.0281690140845069,0.0050000000000007,0.000485908649174,0.061734350096923324,0.08584937983447151
2025-11-26 18:11:55 EST,209,10.34,10.42,20.73,200,6.5,10.125,10.35,10.2725,10.34,10.35,-0.0099999999999997,-0.0009734728644438,0.2949999999999999,0.0220048899755501,0.0287174495010951,-0.022499999999999,-0.0021855269548323,0.060401734786533795,0.08562290497250297
2025-11-26 19:58:16 EST,205,10.34,10.42,20.73,214,6.5,10.155,10.35,10.2875,10.34,10.35,-0.0099999999999997,-0.0009720534629404,0.2649999999999988,-0.0214797136038186,0.0257594167679221,0.0149999999999987,0.0014602092966657,0.058779768129090734,0.08544483477070282
2025-11-26 21:44:48 EST,193,10.34,10.41,20.73,206,6.5,10.155,10.35,10.2825,10.34,10.35,-0.0099999999999997,-0.0009725261366399,0.254999999999999,-0.0325814536340852,0.0247994164843179,-0.004999999999999,-0.0004860267314701,0.05746769729064611,0.0851705797735757
2025-11-26 22:40:47 EST,169,10.33,10.42,20.73,182,6.5,10.08,10.35,10.25,10.33,10.35,-0.0199999999999995,-0.001951219512195,0.3399999999999998,-0.037037037037037,0.033170731707317,-0.0325000000000006,-0.0031607099440798,0.05752913565560161,0.0851705797735757
2025-11-26 23:16:38 EST,153,10.34,10.45,20.73,162,6.5,10.0,10.35,10.225,10.34,10.35,-0.0099999999999997,-0.0009779951100244,0.4499999999999993,-0.0285714285714285,0.0440097799511001,-0.0250000000000003,-0.0024390243902439,0.0578642174668311,0.08531146807668873
2025-11-27 00:14:03 EST,135,10.34,10.45,20.73,152,6.5,10.0,10.35,10.225,10.34,10.35,-0.0099999999999997,-0.0009779951100244,0.4499999999999993,-0.0592334494773519,0.0440097799511001,0.0,0.0,0.0581925059919954,0.08561011515216263
2025-11-27 01:20:28 EST,117,10.34,10.46,20.73,144,6.5,10.0,10.35,10.23,10.34,10.35,-0.0099999999999997,-0.0009775171065493,0.4600000000000008,-0.1034482758620689,0.0449657869012708,0.0050000000000007,0.0004889975550123,0.05831728557731982,0.08583414654354823
2025-11-27 02:14:18 EST,112,10.34,10.455,20.73,137,6.5,9.95,10.35,10.2025,10.34,10.35,-0.0099999999999997,-0.0009801519235481,0.5050000000000008,-0.1004016064257028,0.0494976721391816,-0.0274999999999998,-0.0026881720430107,0.058844454598217945,0.0862785832740585
2025-11-27 03:18:58 EST,111,10.34,10.46,20.73,135,6.5,9.95,10.35,10.205,10.34,10.35,-0.0099999999999997,-0.0009799118079372,0.5100000000000016,-0.0975609756097561,0.0499755022048017,0.0024999999999995,0.0002450379808869,0.05511095116590769,0.08669990296012821
2025-11-27 04:14:50 EST,117,10.33,10.45,20.73,140,6.5,9.975,10.35,10.2125,10.33,10.35,-0.0199999999999995,-0.0019583843329252,0.4749999999999996,-0.0894941634241245,0.0465116279069767,0.0075000000000002,0.0007349338559529,0.050604587493305805,0.08703963070071719
2025-11-27 05:14:41 EST,129,10.33,10.42,20.73,151,6.5,10.0,10.35,10.21,10.33,10.35,-0.0199999999999995,-0.0019588638589617,0.4199999999999999,-0.0785714285714285,0.0411361410381978,-0.0024999999999995,-0.0002447980416156,0.047010131308660844,0.0874006218009259
2025-11-27 06:11:56 EST,155,10.34,10.45,20.73,170,6.5,10.0,10.35,10.225,10.34,10.35,-0.0099999999999997,-0.0009779951100244,0.4499999999999993,-0.0461538461538461,0.0440097799511001,0.0149999999999987,0.0014691478942212,0.04739679386673671,0.08733610256004486
2025-11-27 07:26:10 EST,168,10.33,10.42,20.73,204,6.5,10.105,10.35,10.2625,10.33,10.35,-0.0199999999999995,-0.0019488428745431,0.3149999999999995,-0.0967741935483871,0.0306942752740559,0.0374999999999996,0.0036674816625916,0.04741506517766743,0.08742445514760254
2025-11-27 08:26:55 EST,189,10.32,10.4,20.73,206,6.5,10.125,10.35,10.2625,10.32,10.35,-0.0299999999999993,-0.0029232643118147,0.2750000000000003,-0.0430379746835443,0.0267965895249695,0.0,0.0,0.047445501726331295,0.08687048873558217
2025-11-27 09:13:32 EST,187,10.28,10.39,20.73,194,6.5,10.095,10.35,10.2425,10.28,10.35,-0.0700000000000002,-0.0068342689773004,0.2950000000000017,-0.0183727034120734,0.0288015621186235,-0.0199999999999995,-0.0019488428745431,0.04730210013880453,0.08611802250962966
2025-11-27 10:13:24 EST,227,10.22,10.35,20.73,164,6.5,10.0,10.35,10.175,10.22,10.35,-0.129999999999999,-0.0127764127764126,0.3499999999999996,0.1611253196930946,0.0343980343980343,-0.067499999999999,-0.0065901879423967,0.04845705834683149,0.08672758279262287
2025-11-27 11:15:57 EST,194,10.26,10.39,20.73,215,6.5,10.1,10.35,10.245,10.26,10.35,-0.0899999999999998,-0.0087847730600292,0.2900000000000009,-0.0513447432762836,0.0283064909712055,0.0699999999999985,0.0068796068796067,0.04596181760484626,0.08608970808760018
2025-11-27 12:11:10 EST,173,10.27,10.4,20.73,224,6.5,10.1,10.26,10.25,10.27,10.26,0.0099999999999997,0.0009756097560975,0.3000000000000007,-0.1284634760705289,0.0292682926829268,0.0050000000000007,0.0004880429477794,0.04132979765154732,0.07992651382312936
2025-11-27 13:18:08 EST,222,10.23,10.35,20.73,195,6.5,10.02,10.26,10.185,10.23,10.26,-0.0299999999999993,-0.0029455081001472,0.33,0.0647482014388489,0.03240058910162,-0.0649999999999995,-0.006341463414634,0.039328028689273584,0.07738326749623999
2025-11-27 14:10:12 EST,221,10.23,10.35,20.73,204,6.5,10.05,10.26,10.2,10.23,10.26,-0.0299999999999993,-0.0029411764705881,0.2999999999999989,0.04,0.0294117647058822,0.0149999999999987,0.0014727540500735,0.03572743029335825,0.07454414261862218
2025-11-27 15:12:05 EST,217,10.23,10.35,20.73,201,6.5,10.02,10.5,10.185,10.23,10.5,-0.2699999999999996,-0.0265095729013254,0.33,0.0382775119617224,0.03240058910162,-0.0149999999999987,-0.0014705882352939,0.03628090886169225,0.07508394574956993
2025-11-27 16:11:29 EST,216,10.22,10.35,20.73,205,6.5,10.02,10.5,10.185,10.22,10.5,-0.2799999999999993,-0.0274914089347078,0.33,0.0261282660332541,0.03240058910162,0.0,0.0,0.03662320381909858,0.0755144885514078
2025-11-27 17:12:17 EST,219,10.2,10.34,20.73,202,6.5,10.02,10.3,10.18,10.2,10.3,-0.1000000000000014,-0.0098231827111985,0.3200000000000003,0.0403800475059382,0.0314341846758349,-0.0050000000000007,-0.0004909180166912,0.036130174269683846,0.07601766561905689
2025-11-27 18:11:56 EST,187,10.22,10.35,20.73,202,6.5,10.02,10.3,10.185,10.22,10.3,-0.08,-0.0078546882670594,0.33,-0.0385604113110539,0.03240058910162,0.0050000000000007,0.0004911591355599,0.03431986685396006,0.07643459136076591
2025-11-27 19:57:36 EST,176,10.23,10.39,20.73,212,6.5,10.05,10.3,10.22,10.23,10.3,-0.0700000000000002,-0.0068493150684931,0.3399999999999998,-0.0927835051546391,0.0332681017612524,0.0350000000000001,0.0034364261168385,0.032756616490672005,0.07667633857877822
2025-11-27 21:29:12 EST,166,10.24,10.385000000000002,20.73,211,6.5,10.06,10.3,10.2225,10.24,10.3,-0.0600000000000005,-0.0058694057226706,0.325000000000001,-0.1193633952254641,0.0317926143311324,0.0024999999999995,0.0002446183953032,0.029662770974538327,0.07679411811360698
2025-11-27 22:40:38 EST,139,10.24,10.4,20.73,170,6.5,10.0,10.3,10.2,10.24,10.3,-0.0600000000000005,-0.0058823529411765,0.4000000000000003,-0.1003236245954692,0.0392156862745098,-0.0225000000000008,-0.0022010271460015,0.026671478279745725,0.07700880632617618
2025-11-27 23:16:43 EST,119,10.26,10.47,20.73,150,6.5,9.985,10.3,10.2275,10.26,10.3,-0.0400000000000009,-0.0039110241994623,0.4850000000000012,-0.1152416356877323,0.0474211684184797,0.0274999999999998,0.0026960784313725,0.025807388210270652,0.07700984048443114
2025-11-28 00:14:12 EST,110,10.27,10.485,20.73,146,6.5,9.985,10.3,10.235,10.27,10.3,-0.0300000000000011,-0.0029311187103078,0.5,-0.140625,0.0488519785051294,0.0075000000000002,0.0007333170373991,0.0260536566601708,0.07672637498172459
2025-11-28 01:20:28 EST,103,10.26,10.47,20.73,132,6.5,9.84,10.3,10.155,10.26,10.3,-0.0400000000000009,-0.0039389463318563,0.6300000000000008,-0.1234042553191489,0.0620384047267356,-0.08,-0.0078163165608207,0.028727346147361707,0.07747787374895614
2025-11-28 02:13:40 EST,95,10.26,10.5,20.73,126,6.5,9.8,10.3,10.15,10.26,10.3,-0.0400000000000009,-0.0039408866995074,0.6999999999999993,-0.1402714932126696,0.0689655172413792,-0.004999999999999,-0.0004923682914819,0.031159470319363437,0.078146875323498
2025-11-28 03:18:16 EST,92,10.25,10.5,20.73,121,6.5,9.8,10.3,10.15,10.25,10.3,-0.0500000000000007,-0.0049261083743843,0.6999999999999993,-0.136150234741784,0.0689655172413792,0.0,0.0,0.033416562759658305,0.07887896872840526
2025-11-28 04:14:08 EST,98,10.25,10.5,20.73,131,6.5,9.8,10.3,10.15,10.25,10.3,-0.0500000000000007,-0.0049261083743843,0.6999999999999993,-0.1441048034934497,0.0689655172413792,0.0,0.0,0.0353931081067024,0.07958394448713785
2025-11-28 05:14:57 EST,109,10.23,10.45,20.73,148,6.5,10.0,10.3,10.225,10.23,10.3,-0.0700000000000002,-0.0068459657701711,0.4499999999999993,-0.1517509727626459,0.0440097799511001,0.0749999999999992,0.0073891625615762,0.035602824906288105,0.07972268462774602
2025-11-28 06:11:26 EST,141,10.24,10.41,20.73,177,6.5,10.0,10.3,10.205,10.24,10.3,-0.0600000000000005,-0.0058794708476237,0.4100000000000001,-0.1132075471698113,0.0401763841254287,-0.0199999999999995,-0.0019559902200488,0.03558882920940514,0.07999262601459066
2025-11-28 07:25:16 EST,158,10.2,10.375,20.73,173,6.5,10.0,10.3,10.1875,10.2,10.3,-0.1000000000000014,-0.0098159509202455,0.375,-0.0453172205438066,0.0368098159509202,-0.0175,-0.0017148456638902,0.03550043375939038,0.08035574900575346
2025-11-28 08:25:41 EST,169,10.21,10.36,20.73,213,6.5,10.04,10.3,10.2,10.21,10.3,-0.0899999999999998,-0.0088235294117646,0.3200000000000003,-0.1151832460732984,0.0313725490196078,0.0124999999999992,0.0012269938650306,0.03320565447531168,0.0806053780750577
2025-11-28 09:12:56 EST,151,10.21,10.39,20.73,217,6.5,10.06,10.3,10.225,10.21,10.3,-0.0899999999999998,-0.00880195599022,0.33,-0.1793478260869565,0.0322738386308068,0.0250000000000003,0.0024509803921568,0.030991320664422402,0.08074761055947365
2025-11-28 10:12:46 EST,168,10.22,10.38,20.73,242,6.5,10.1,10.3,10.24,10.22,10.3,-0.08,-0.0078125,0.2800000000000011,-0.1804878048780487,0.0273437500000001,0.0150000000000005,0.0014669926650367,0.030843919549754382,0.08077959007569996
2025-11-28 11:15:26 EST,183,10.22,10.35,20.73,216,6.5,10.05,10.3,10.2,10.22,10.3,-0.08,-0.0078431372549019,0.2999999999999989,-0.0827067669172932,0.0294117647058822,-0.0400000000000009,-0.00390625,0.030407669405908045,0.08100582126076099
2025-11-28 12:11:09 EST,204,10.22,10.3,20.73,205,6.5,10.02,10.3,10.16,10.22,10.3,-0.08,-0.0078740157480315,0.2800000000000011,-0.0024449877750611,0.0275590551181103,-0.0399999999999991,-0.0039215686274508,0.029922718999484062,0.08110977184282799
2025-11-28 13:17:54 EST,201,10.21,10.3,20.73,187,6.5,10.0,10.3,10.15,10.21,10.3,-0.0899999999999998,-0.0088669950738916,0.3000000000000007,0.0360824742268041,0.0295566502463054,-0.0099999999999997,-0.0009842519685039,0.029140580985080797,0.08119370568514966
2025-11-28 14:09:54 EST,205,10.2,10.29,20.73,190,6.5,10.0,10.3,10.145,10.2,10.3,-0.1000000000000014,-0.0098570724494826,0.2899999999999991,0.0379746835443038,0.0285855101034991,-0.0050000000000007,-0.0004926108374385,0.030696732760621154,0.08150968841601275
2025-11-28 15:14:03 EST,168,10.21,10.364999999999998,20.73,207,6.5,10.02,10.3,10.1925,10.21,10.3,-0.0899999999999998,-0.0088300220750551,0.3449999999999988,-0.104,0.0338484179543781,0.0475000000000012,0.0046821094135043,0.03063858394394276,0.08130706633629368
2025-11-28 16:10:50 EST,200,10.21,10.27,20.73,195,6.5,10.0,10.3,10.135,10.21,10.3,-0.0899999999999998,-0.0088801184015786,0.2699999999999996,0.0126582278481012,0.026640355204736,-0.0575000000000009,-0.0056414029923964,0.032670261928790356,0.08155384228605062
2025-11-28 17:11:54 EST,211,10.18,10.26,20.73,190,6.5,10.0,10.3,10.13,10.18,10.3,-0.120000000000001,-0.0118460019743337,0.2599999999999998,0.0523690773067331,0.0256663376110562,-0.004999999999999,-0.0004933399111987,0.03478974111659171,0.08182244712098892
2025-11-28 18:11:52 EST,194,10.2,10.27,20.73,193,6.5,10.0,10.3,10.135,10.2,10.3,-0.1000000000000014,-0.0098667982239764,0.2699999999999996,0.0025839793281653,0.026640355204736,0.004999999999999,0.0004935834155971,0.03632020937024665,0.08220888251010348
2025-11-28 19:57:53 EST,193,10.17,10.26,20.73,199,6.5,10.0,10.3,10.13,10.17,10.3,-0.1300000000000007,-0.0128331688055282,0.2599999999999998,-0.0153061224489795,0.0256663376110562,-0.004999999999999,-0.0004933399111987,0.03797644197302286,0.08236938922757503
2025-11-28 21:39:32 EST,172,10.18,10.27,20.73,186,6.5,10.0,10.3,10.135,10.18,10.3,-0.120000000000001,-0.0118401578687716,0.2699999999999996,-0.0391061452513966,0.026640355204736,0.004999999999999,0.0004935834155971,0.03824915931636322,0.08200303307625637
2025-11-28 22:40:47 EST,148,10.19,10.3,20.73,160,6.5,10.0,10.3,10.15,10.19,10.3,-0.1100000000000012,-0.0108374384236454,0.3000000000000007,-0.0389610389610389,0.0295566502463054,0.0150000000000005,0.0014800197335965,0.03748172864058851,0.08212340925976958
2025-11-28 23:15:34 EST,146,10.19,10.3,20.73,151,6.5,9.97,10.3,10.135,10.19,10.3,-0.1100000000000012,-0.010853478046374,0.33,-0.0168350168350168,0.0325604341391218,-0.0150000000000005,-0.0014778325123153,0.037981062930188415,0.08239898205733474
2025-11-29 00:12:42 EST,121,10.19,10.3,20.73,135,6.5,9.88,10.3,10.09,10.19,10.3,-0.1100000000000012,-0.0109018830525273,0.4199999999999999,-0.0546875,0.041625371655104,-0.0449999999999999,-0.0044400592007893,0.039704524620813066,0.08340467611936436
2025-11-29 01:18:06 EST,114,10.19,10.355,20.73,129,6.5,9.8,10.3,10.0775,10.19,10.3,-0.1100000000000012,-0.0109154056065493,0.5549999999999997,-0.0617283950617283,0.0550731828330438,-0.0124999999999992,-0.001238850346878,0.04098633896661542,0.08455870403413074
2025-11-29 02:11:46 EST,110,10.19,10.38,20.73,129,6.5,9.8,10.3,10.09,10.19,10.3,-0.1100000000000012,-0.0109018830525273,0.5799999999999983,-0.0794979079497908,0.0574826560951435,0.0124999999999992,0.0012403870007441,0.04344106765144942,0.08565271575170323
2025-11-29 03:16:31 EST,109,10.19,10.37,20.73,129,6.5,9.8,10.3,10.085,10.19,10.3,-0.1100000000000012,-0.0109072880515618,0.5699999999999985,-0.0840336134453781,0.0565195835399106,-0.004999999999999,-0.0004955401387511,0.045905616585119886,0.08675251906068908
2025-11-29 04:12:45 EST,122,10.19,10.31,20.73,137,6.5,9.9,10.3,10.105,10.19,10.3,-0.1100000000000012,-0.0108857001484414,0.4100000000000001,-0.0579150579150579,0.0405739732805541,0.0199999999999995,0.001983143282102,0.04702843246533878,0.08762349095596604
2025-11-29 05:13:00 EST,129,10.18,10.29,20.73,140,6.5,9.95,10.3,10.12,10.18,10.3,-0.120000000000001,-0.0118577075098815,0.3399999999999998,-0.0408921933085501,0.033596837944664,0.0149999999999987,0.0014844136566055,0.047514180758909966,0.08830976756109377
2025-11-29 06:10:04 EST,158,10.17,10.265,20.73,161,6.5,10.0,10.3,10.1325,10.17,10.3,-0.1300000000000007,-0.0128300024673082,0.2650000000000005,-0.0094043887147335,0.0261534665679743,0.012500000000001,0.0012351778656127,0.04501962132614695,0.08882114954665116
2025-11-29 07:23:03 EST,163,10.16,10.27,20.73,178,6.5,10.0,10.3,10.135,10.16,10.3,-0.1400000000000005,-0.0138135175135669,0.2699999999999996,-0.0439882697947214,0.026640355204736,0.0024999999999995,0.0002467308166789,0.04341356146231636,0.0892963894388314
2025-11-29 08:21:04 EST,173,10.14,10.24,20.73,184,6.5,10.0,10.3,10.12,10.14,10.3,-0.1600000000000001,-0.0158102766798419,0.2400000000000002,-0.0308123249299719,0.0237154150197628,-0.0150000000000005,-0.0014800197335965,0.04273578562738782,0.08995182821767908
2025-11-29 09:11:11 EST,178,10.14,10.24,20.73,194,6.5,10.0,10.3,10.12,10.14,10.3,-0.1600000000000001,-0.0158102766798419,0.2400000000000002,-0.043010752688172,0.0237154150197628,0.0,0.0,0.041137445255818174,0.09056136781112929
2025-11-29 10:11:40 EST,181,10.14,10.22,20.73,199,6.5,10.0,10.3,10.11,10.14,10.3,-0.1600000000000001,-0.0158259149357072,0.2200000000000006,-0.0473684210526315,0.0217606330365974,-0.0099999999999997,-0.00098814229249,0.03720156003236867,0.09125708071985832
2025-11-29 11:14:23 EST,181,10.14,10.23,20.73,185,6.5,10.0,10.3,10.115,10.14,10.3,-0.1600000000000001,-0.0158180919426594,0.2300000000000004,-0.0109289617486338,0.0227385071675729,0.0050000000000007,0.0004945598417409,0.029761849120050258,0.09152890989125789
2025-11-29 12:10:44 EST,183,10.13,10.21,20.73,189,6.5,10.0,10.25,10.105,10.13,10.25,-0.1199999999999992,-0.011875309252845,0.2100000000000008,-0.0161290322580645,0.020781791192479,-0.0099999999999997,-0.0009886307464161,0.025996228475079788,0.09185938546320907
2025-11-29 13:17:09 EST,185,10.13,10.23,20.73,203,6.5,10.0,10.25,10.115,10.13,10.25,-0.1199999999999992,-0.0118635689569944,0.2300000000000004,-0.0463917525773195,0.0227385071675729,0.0099999999999997,0.0009896091044037,0.024972584605623016,0.09171149014597689
2025-11-29 14:09:47 EST,185,10.13,10.22,20.73,210,6.5,10.0,10.25,10.11,10.13,10.25,-0.1199999999999992,-0.0118694362017803,0.2200000000000006,-0.0632911392405063,0.0217606330365974,-0.0050000000000007,-0.0004943153732081,0.024437281078766113,0.09199186199456633
2025-11-29 15:13:44 EST,186,10.14,10.24,20.73,198,6.5,10.0,10.25,10.12,10.14,10.25,-0.1099999999999994,-0.0108695652173912,0.2400000000000002,-0.03125,0.0237154150197628,0.0099999999999997,0.0009891196834816,0.023922192337508093,0.09258535450356616
2025-11-29 16:10:59 EST,188,10.13,10.22,20.73,183,6.5,10.0,10.25,10.11,10.13,10.25,-0.1199999999999992,-0.0118694362017803,0.2200000000000006,0.013477088948787,0.0217606330365974,-0.0099999999999997,-0.00098814229249,0.01842532913203783,0.09326174778517404
2025-11-29 17:11:34 EST,194,10.12,10.205,20.73,193,6.5,10.0,10.25,10.1025,10.12,10.25,-0.1300000000000007,-0.0128681019549617,0.205,0.0025839793281653,0.0202920069289779,-0.0075000000000002,-0.0007418397626113,0.01824470093806786,0.09400339886828907
2025-11-29 18:11:42 EST,196,10.12,10.2,20.73,196,6.5,10.0,10.25,10.1,10.12,10.25,-0.1300000000000007,-0.0128712871287129,0.1999999999999993,0.0,0.0198019801980197,-0.0024999999999995,-0.0002474634991338,0.018252146488836093,0.09475543685917888
2025-11-29 20:06:42 EST,161,10.13,10.23,20.73,191,6.5,10.0,10.25,10.115,10.13,10.25,-0.1199999999999992,-0.0118635689569944,0.2300000000000004,-0.0852272727272727,0.0227385071675729,0.0150000000000005,0.0014851485148515,0.017723405776528228,0.09525216783684687
2025-11-29 22:20:55 EST,139,10.13,10.29,20.73,160,6.5,9.95,10.25,10.12,10.13,10.25,-0.1199999999999992,-0.0118577075098813,0.3399999999999998,-0.0702341137123745,0.033596837944664,0.004999999999999,0.000494315373208,0.017437452924477664,0.0955984882998427
2025-11-29 23:28:11 EST,131,10.13,10.3,20.73,136,6.5,9.8,10.25,10.05,10.13,10.25,-0.1199999999999992,-0.0119402985074626,0.5,-0.0187265917602996,0.0497512437810945,-0.0699999999999985,-0.0069169960474306,0.021075852914828608,0.09649924078266636
2025-11-30 00:12:58 EST,123,10.13,10.3,20.73,133,6.5,9.8,10.25,10.05,10.13,10.25,-0.1199999999999992,-0.0119402985074626,0.5,-0.0390625,0.0497512437810945,0.0,0.0,0.022590147509327727,0.09707889621389645
2025-11-30 01:19:08 EST,108,10.13,10.355,20.73,129,6.5,9.8,10.25,10.0775,10.13,10.25,-0.1199999999999992,-0.0119077152071445,0.5549999999999997,-0.0886075949367088,0.0550731828330438,0.0274999999999998,0.0027363184079601,0.022375865297826286,0.09730260185109117
2025-11-30 02:11:43 EST,102,10.14,10.395,20.73,121,6.5,9.5,10.25,9.9475,10.14,10.25,-0.1099999999999994,-0.011058054787635,0.8949999999999996,-0.085201793721973,0.0899723548630308,-0.1300000000000007,-0.01290002480774,0.038851112820504394,0.09960481151698596
2025-11-30 03:15:17 EST,92,10.13,10.395,20.73,117,6.5,9.5,10.25,9.9475,10.13,10.25,-0.1199999999999992,-0.0120633324956018,0.8949999999999996,-0.1196172248803827,0.0899723548630308,0.0,0.0,0.04935716748238497,0.10210552378069622
2025-11-30 04:12:11 EST,97,10.12,10.35,20.73,121,6.5,9.7,10.25,10.025,10.12,10.25,-0.1300000000000007,-0.0129675810473816,0.6500000000000004,-0.110091743119266,0.0648379052369077,0.0775000000000005,0.0077909022367429,0.05120723295123281,0.10340117827882954
2025-11-30 05:12:52 EST,104,10.12,10.3,20.73,127,6.5,9.8,10.25,10.05,10.12,10.25,-0.1300000000000007,-0.0129353233830846,0.5,-0.0995670995670995,0.0497512437810945,0.0250000000000003,0.0024937655860349,0.05182264469923586,0.10439437508098467
2025-11-30 06:09:52 EST,110,10.12,10.295,20.73,137,6.5,9.8,10.25,10.0475,10.12,10.25,-0.1300000000000007,-0.0129385419258522,0.4949999999999992,-0.1093117408906882,0.0492659865638217,-0.0025000000000012,-0.0002487562189055,0.05231030255717498,0.10534482717888134
2025-11-30 07:22:40 EST,124,10.12,10.245,20.73,163,6.5,9.96,10.25,10.1025,10.12,10.25,-0.1300000000000007,-0.0128681019549617,0.2850000000000001,-0.1358885017421602,0.028210838901262,0.0549999999999997,0.0054739985070912,0.05192479494143554,0.10568713710370242
2025-11-30 08:20:35 EST,147,10.11,10.21,20.73,180,6.5,10.0,10.25,10.105,10.11,10.25,-0.1400000000000005,-0.0138545274616527,0.2100000000000008,-0.1009174311926605,0.020781791192479,0.0025000000000012,0.000247463499134,0.05111616494652686,0.10615424176633363
2025-11-30 09:11:16 EST,156,10.11,10.215,20.73,177,6.5,9.96,10.25,10.0875,10.11,10.25,-0.1400000000000005,-0.0138785625774473,0.254999999999999,-0.063063063063063,0.0252788104089218,-0.0175,-0.0017318159327065,0.049934626647304754,0.1067633838169315
2025-11-30 10:11:31 EST,155,10.11,10.2,20.73,179,6.5,10.0,10.25,10.1,10.11,10.25,-0.1400000000000005,-0.0138613861386139,0.1999999999999993,-0.0718562874251497,0.0198019801980197,0.0124999999999992,0.0012391573729862,0.0494259391427703,0.10707125078430152
2025-11-30 11:14:25 EST,160,10.1,10.2,20.73,196,6.5,10.0,10.25,10.1,10.1,10.25,-0.1500000000000003,-0.0148514851485148,0.1999999999999993,-0.1011235955056179,0.0198019801980197,0.0,0.0,0.04889714415506932,0.10737740521166253
2025-11-30 12:10:43 EST,159,10.11,10.22,20.73,210,6.5,10.0,10.25,10.11,10.11,10.25,-0.1400000000000005,-0.0138476755687438,0.2200000000000006,-0.1382113821138211,0.0217606330365974,0.0099999999999997,0.0009900990099009,0.04889714415506932,0.10763271726071691
2025-11-30 13:17:18 EST,159,10.11,10.22,20.73,197,6.5,10.0,10.25,10.11,10.11,10.25,-0.1400000000000005,-0.0138476755687438,0.2200000000000006,-0.1067415730337078,0.0217606330365974,0.0,0.0,0.048750580635708585,0.10800587697473558
2025-11-30 14:10:01 EST,165,10.12,10.2,20.73,192,6.5,10.0,10.25,10.1,10.12,10.25,-0.1300000000000007,-0.0128712871287129,0.1999999999999993,-0.0756302521008403,0.0198019801980197,-0.0099999999999997,-0.0009891196834816,0.04864735105319336,0.10849596405331363
2025-11-30 15:13:47 EST,162,10.1,10.2,20.73,207,6.5,10.0,10.25,10.1,10.1,10.25,-0.1500000000000003,-0.0148514851485148,0.1999999999999993,-0.1219512195121951,0.0198019801980197,0.0,0.0,0.04826320030440434,0.1089787370402733
2025-11-30 16:11:09 EST,164,10.1,10.23,20.73,195,6.5,10.0,10.25,10.115,10.1,10.25,-0.1500000000000003,-0.0148294611962432,0.2300000000000004,-0.0863509749303621,0.0227385071675729,0.0150000000000005,0.0014851485148515,0.04841498132465342,0.10935243718152947
2025-11-30 17:11:46 EST,170,10.11,10.21,20.73,196,6.5,10.0,10.12,10.105,10.11,10.12,-0.0099999999999997,-0.0009896091044037,0.2100000000000008,-0.0710382513661202,0.020781791192479,-0.0099999999999997,-0.0009886307464161,0.047955364021198536,0.10978095007918803
2025-11-30 18:11:39 EST,160,10.12,10.22,20.73,187,6.5,10.0,10.12,10.11,10.12,10.12,0.0,0.0,0.2200000000000006,-0.0778097982708933,0.0217606330365974,0.004999999999999,0.0004948045522017,0.047955364021198536,0.11016618146786869
2025-11-30 20:11:16 EST,145,10.12,10.26,20.73,210,6.5,10.0,10.1,10.13,10.12,10.1,0.0199999999999995,0.0019743336623889,0.2599999999999998,-0.1830985915492957,0.0256663376110562,0.0200000000000013,0.0019782393669635,0.04888012177099928,0.11038024898304372
2025-11-30 22:44:09 EST,106,10.14,10.425,20.73,174,6.5,10.0,10.13,10.2125,10.14,10.13,0.0099999999999997,0.0009791921664626,0.4250000000000007,-0.2428571428571428,0.0416156670746634,0.0824999999999995,0.0081441263573543,0.055842424362626285,0.11034229536665444
2025-11-30 23:42:47 EST,91,10.14,10.4,20.73,144,6.5,9.95,10.12,10.175,10.14,10.12,0.0200000000000013,0.001965601965602,0.450000000000001,-0.225531914893617,0.0442260442260443,-0.0374999999999996,-0.0036719706242349,0.058564403883023884,0.11041092126915973
2025-12-01 00:21:55 EST,92,10.14,10.43,20.73,148,6.5,9.95,10.13,10.19,10.14,10.13,0.0099999999999997,0.000981354268891,0.4800000000000004,-0.2333333333333333,0.0471050049067713,0.0149999999999987,0.0014742014742013,0.06194746707926251,0.11039123144803845
2025-12-01 01:21:42 EST,82,10.14,10.5,20.73,130,6.5,9.8,10.11,10.15,10.14,10.11,0.0300000000000011,0.0029556650246306,0.6999999999999993,-0.2264150943396226,0.0689655172413792,-0.0399999999999991,-0.0039254170755641,0.06253685507565748,0.11049359713828916
2025-12-01 02:17:14 EST,72,10.14,10.57,20.73,119,6.5,9.51,10.11,10.04,10.14,10.11,0.0300000000000011,0.002988047808765,1.0600000000000005,-0.2460732984293193,0.1055776892430279,-0.1100000000000012,-0.0108374384236454,0.06287271115492932,0.11128626784896795
2025-12-01 03:20:41 EST,72,10.14,10.62,20.73,121,6.5,9.7,10.11,10.16,10.14,10.11,0.0300000000000011,0.0029527559055119,0.9200000000000016,-0.2538860103626943,0.0905511811023623,0.120000000000001,0.0119521912350598,0.06421628986525305,0.1111958104438721
2025-12-01 04:19:58 EST,80,10.14,10.62,20.73,128,6.5,9.77,10.11,10.195,10.14,10.11,0.0300000000000011,0.0029426189308485,0.8500000000000014,-0.2307692307692307,0.0833742030407063,0.0350000000000001,0.0034448818897637,0.05887061700969248,0.11093243820207119
2025-12-01 05:16:18 EST,96,10.14,10.5,20.73,149,6.5,9.95,10.13,10.225,10.14,10.13,0.0099999999999997,0.0009779951100244,0.5500000000000007,-0.2163265306122449,0.0537897310513448,0.0299999999999993,0.0029426189308483,0.05316052733624214,0.11084727208566057
2025-12-01 06:12:12 EST,122,10.14,10.4,20.73,163,6.5,9.96,10.12,10.18,10.14,10.12,0.0200000000000013,0.0019646365422398,0.4399999999999995,-0.143859649122807,0.043222003929273,-0.0449999999999999,-0.00440097799511,0.0506587045612786,0.11076870049625052
2025-12-01 07:27:17 EST,106,10.14,10.465,20.73,198,6.5,10.0,10.17,10.2325,10.14,10.17,-0.0299999999999993,-0.0029318348399706,0.4649999999999998,-0.3026315789473684,0.0454434400195455,0.0525000000000002,0.0051571709233791,0.052572306142962745,0.11069771852830833
2025-12-01 08:30:33 EST,143,10.13,10.26,20.73,207,6.5,10.0,10.13,10.13,10.13,10.13,0.0,0.0,0.2599999999999998,-0.1828571428571428,0.0256663376110562,-0.1024999999999991,-0.0100171023698997,0.04936508109873942,0.11055123114525646
2025-12-01 09:14:24 EST,147,10.15,10.24,20.73,214,6.5,10.0,10.13,10.12,10.15,10.13,0.0199999999999995,0.0019762845849801,0.2400000000000002,-0.185595567867036,0.0237154150197628,-0.0100000000000015,-0.0009871668311946,0.04897581017078874,0.11064702548326237
2025-12-01 10:14:13 EST,143,10.15,10.24,20.73,254,6.5,10.04,10.16,10.14,10.15,10.16,-0.0099999999999997,-0.0009861932938855,0.200000000000001,-0.2795969773299748,0.0197238658777121,0.0200000000000013,0.0019762845849803,0.04850750259467207,0.11020697919424738
2025-12-01 11:18:20 EST,136,10.18,10.355,20.73,275,6.5,10.07,10.18,10.2125,10.18,10.18,0.0,0.0,0.2850000000000001,-0.3381995133819951,0.027906976744186,0.0724999999999997,0.0071499013806705,0.04952388806557539,0.10954099333188408
2025-12-01 12:15:15 EST,157,10.18,10.3,20.73,232,6.5,10.03,10.16,10.165,10.18,10.16,0.0199999999999995,0.0019675356615838,0.2700000000000013,-0.1928020565552699,0.0265617314313823,-0.0475000000000012,-0.0046511627906977,0.048817423646179144,0.10870104950586926
2025-12-01 13:21:22 EST,194,10.15,10.22,20.73,221,6.5,10.02,10.13,10.12,10.15,10.13,0.0199999999999995,0.0019762845849801,0.200000000000001,-0.0650602409638554,0.0197628458498024,-0.0449999999999999,-0.0044269552385636,0.04816174721632103,0.10801765768272503
2025-12-01 14:15:21 EST,191,10.15,10.22,20.73,223,6.5,10.01,10.12,10.115,10.15,10.12,0.0300000000000011,0.0029658922392487,0.2100000000000008,-0.0772946859903381,0.0207612456747405,-0.004999999999999,-0.0004940711462449,0.048005392020529836,0.1079823075769754
2025-12-01 15:13:16 EST,227,10.13,10.2,20.73,193,6.5,10.0,10.13,10.1,10.13,10.13,0.0,0.0,0.1999999999999993,0.0809523809523809,0.0198019801980197,-0.0150000000000005,-0.0014829461196243,0.04838410158547069,0.1081284349622982
2025-12-01 16:11:33 EST,224,10.13,10.2,20.73,195,6.5,10.0,10.11,10.1,10.13,10.11,0.0200000000000013,0.0019801980198021,0.1999999999999993,0.0692124105011933,0.0198019801980197,0.0,0.0,0.04838410158547069,0.10782423533555238
2025-12-01 17:11:25 EST,213,10.12,10.2,20.73,177,6.5,10.0,10.09,10.1,10.12,10.09,0.0299999999999993,0.0029702970297029,0.1999999999999993,0.0923076923076923,0.0198019801980197,0.0,0.0,0.04838410158547069,0.10735951623259431
2025-12-01 18:12:18 EST,223,10.11,10.2,20.73,193,6.5,10.0,10.09,10.1,10.11,10.09,0.0199999999999995,0.0019801980198019,0.1999999999999993,0.0721153846153846,0.0198019801980197,0.0,0.0,0.048906405547989765,0.10691419438075161
2025-12-01 20:00:32 EST,203,10.0,10.18,20.73,161,6.5,9.75,10.02,9.965,10.0,10.02,-0.0199999999999995,-0.0020070245860511,0.4299999999999997,0.1153846153846153,0.0431510286001003,-0.1349999999999998,-0.0133663366336633,0.06090491743194845,0.10784031202891696
2025-12-01 22:12:42 EST,180,9.99,10.185,20.73,155,6.5,9.7,10.0,9.9425,9.99,10.0,-0.0099999999999997,-0.0010057832537088,0.4849999999999994,0.0746268656716417,0.0487804878048779,-0.022499999999999,-0.0022579026593074,0.07293783336673026,0.10932612914861296
2025-12-01 23:23:35 EST,159,9.97,10.19,20.73,125,6.5,9.32,10.0,9.755,9.97,10.0,-0.0299999999999993,-0.0030753459764222,0.8699999999999992,0.1197183098591549,0.089185033316248,-0.1875,-0.0188584360070404,0.10624499135680021,0.11423603496798546
2025-12-02 00:13:44 EST,133,9.99,10.2,20.73,122,6.5,9.175,10.0,9.6875,9.99,10.0,-0.0099999999999997,-0.0010322580645161,1.0249999999999986,0.0431372549019607,0.105806451612903,-0.0675000000000007,-0.0069195284469503,0.1358121037913495,0.12067070902714805
2025-12-02 01:21:02 EST,132,9.99,10.2,20.73,114,6.5,9.004999999999999,10.0,9.6025,9.99,10.0,-0.0099999999999997,-0.0010413954699296,1.1950000000000005,0.073170731707317,0.1244467586565998,-0.0850000000000008,-0.0087741935483871,0.16781035356762958,0.1286889572737332
2025-12-02 02:15:49 EST,129,9.98,10.2,20.73,115,6.5,9.01,10.0,9.605,9.98,10.0,-0.0199999999999995,-0.0020822488287349,1.1899999999999995,0.0573770491803278,0.1238938053097344,0.0025000000000012,0.0002603488674825,0.19082982284284497,0.13578711858641604
2025-12-02 03:19:33 EST,128,9.98,10.2,20.73,112,6.5,9.0,10.0,9.6,9.98,10.0,-0.0199999999999995,-0.0020833333333332,1.1999999999999993,0.0666666666666666,0.1249999999999999,-0.0050000000000007,-0.0005205622071838,0.21005474506402477,0.14222945590226502
2025-12-02 04:18:47 EST,134,9.98,10.2,20.73,120,6.5,9.02,10.0,9.61,9.98,10.0,-0.0199999999999995,-0.0020811654526534,1.1799999999999995,0.0551181102362204,0.1227887617065556,0.0099999999999997,0.0010416666666666,0.2263948061302484,0.14825172545978524
2025-12-02 05:15:17 EST,148,9.96,10.195,20.73,125,6.5,9.32,10.0,9.7575,9.96,10.0,-0.0399999999999991,-0.0040994107097103,0.875,0.0842490842490842,0.0896746092749167,0.1475000000000008,0.0153485952133195,0.22943811328130692,0.1508258796268724
2025-12-02 06:13:10 EST,150,9.82,10.2,20.73,138,6.5,9.5,10.0,9.85,9.82,10.0,-0.1799999999999997,-0.0182741116751268,0.6999999999999993,0.0416666666666666,0.0710659898477156,0.0924999999999993,0.0094798872662054,0.22682861994485093,0.15207718161779832
2025-12-02 07:27:20 EST,166,9.96,10.15,20.73,166,6.5,9.505,10.0,9.8275,9.96,10.0,-0.0399999999999991,-0.0040702111422029,0.6450000000000014,0.0,0.0656321546680235,-0.022499999999999,-0.0022842639593907,0.222295109008563,0.1525061848115273
2025-12-02 08:32:05 EST,219,9.72,10.0,20.73,143,6.5,9.3,10.0,9.65,9.72,10.0,-0.2799999999999993,-0.0290155440414507,0.6999999999999993,0.2099447513812154,0.0725388601036268,-0.1775000000000002,-0.0180615619435258,0.22569214695968837,0.15607577540719103
2025-12-02 09:14:37 EST,168,9.76,10.14,20.73,194,6.5,9.5,10.0,9.82,9.76,10.0,-0.2400000000000002,-0.0244399185336049,0.6400000000000006,-0.0718232044198895,0.065173116089613,0.1699999999999999,0.0176165803108808,0.21777645681966057,0.15761382693690412
2025-12-02 10:14:51 EST,189,9.88,10.12,20.73,206,6.5,9.575,10.0,9.8475,9.88,10.0,-0.1199999999999992,-0.0121858339680121,0.5449999999999999,-0.0430379746835443,0.0553439959380553,0.0274999999999998,0.0028004073319755,0.2135135409190594,0.15781721936258916
2025-12-02 11:18:01 EST,197,9.89,10.1,20.73,206,6.5,9.55,10.0,9.825,9.89,10.0,-0.1099999999999994,-0.0111959287531806,0.5499999999999989,-0.0223325062034739,0.0559796437659032,-0.0225000000000008,-0.0022848438690023,0.20922797942241375,0.15867583471173496
2025-12-02 12:17:02 EST,202,9.85,10.07,20.73,203,6.5,9.5,10.0,9.785,9.85,10.0,-0.1500000000000003,-0.0153295861011753,0.5700000000000003,-0.0024691358024691,0.058252427184466,-0.0399999999999991,-0.0040712468193383,0.2036832212519297,0.16001777526260863
2025-12-02 13:20:47 EST,210,9.82,10.0,20.73,204,6.5,9.55,10.0,9.775,9.82,10.0,-0.1799999999999997,-0.0184143222506393,0.4499999999999993,0.0144927536231884,0.0460358056265983,-0.0099999999999997,-0.0010219724067449,0.19195917345977334,0.16055301170646435
2025-12-02 14:14:07 EST,216,9.8,9.995,22.83,204,6.5,9.55,10.0,9.7725,9.8,10.0,-0.1999999999999993,-0.0204655922230748,0.4450000000000003,0.0285714285714285,0.0455359426963418,-0.0024999999999995,-0.0002557544757032,0.1815213174190101,0.1618684172647019
2025-12-02 15:15:44 EST,223,9.8,9.98,22.83,175,6.5,9.5,10.0,9.74,9.8,10.0,-0.1999999999999993,-0.0205338809034906,0.4800000000000004,0.1206030150753768,0.0492813141683778,-0.0325000000000006,-0.0033256587362497,0.17298683533515466,0.16397595200771378
2025-12-02 16:12:30 EST,244,9.74,9.915,22.83,170,6.5,9.5,10.0,9.7075,9.74,10.0,-0.2599999999999998,-0.0267834148853978,0.4149999999999991,0.178743961352657,0.0427504506824619,-0.0325000000000006,-0.0033367556468173,0.16359400413340977,0.16637679115154572
2025-12-02 17:11:57 EST,209,9.69,9.9,22.82,161,6.5,9.41,10.15,9.655,9.69,10.15,-0.4600000000000008,-0.0476437079233558,0.4900000000000002,0.1297297297297297,0.0507509062661833,-0.0525000000000002,-0.0054081895441669,0.15469113686983826,0.16908300871649623
2025-12-02 18:11:55 EST,229,9.63,9.87,22.83,148,6.5,9.24,10.15,9.555,9.63,10.15,-0.5199999999999996,-0.0544217687074829,0.629999999999999,0.2148541114058355,0.0659340659340658,-0.0999999999999996,-0.0103573278094251,0.14782097843899739,0.17304240788587769
2025-12-02 20:00:57 EST,197,9.64,9.86,22.83,192,6.5,9.455,10.15,9.6575,9.64,10.15,-0.5099999999999998,-0.052808697903184,0.4049999999999993,0.0128534704370179,0.0419363189231166,0.1025000000000009,0.0107273678702251,0.13190901666501773,0.17565594040866386
2025-12-02 22:11:27 EST,150,9.74,9.975,22.79,187,6.5,9.5,10.15,9.7375,9.74,10.15,-0.4100000000000001,-0.0421052631578947,0.4749999999999996,-0.1097922848664688,0.048780487804878,0.08,0.0082837173181465,0.10938066755500321,0.1775103436987736
2025-12-02 23:21:53 EST,118,9.74,10.11,22.79,147,6.5,9.32,10.15,9.715,9.74,10.15,-0.4100000000000001,-0.0422027792074112,0.7899999999999991,-0.1094339622641509,0.0813175501801337,-0.0225000000000008,-0.0023106546854943,0.09823349144042019,0.17947144023891756
2025-12-03 00:13:31 EST,116,9.72,10.13,22.78,140,6.5,9.225,10.15,9.6775,9.72,10.15,-0.4299999999999997,-0.0444329630586411,0.9050000000000012,-0.09375,0.0935158873676053,-0.0374999999999996,-0.0038600102933607,0.08741118681098757,0.18164514879250673
2025-12-03 01:20:39 EST,107,9.72,10.15,22.79,141,6.5,9.29,10.15,9.72,9.72,10.15,-0.4299999999999997,-0.0442386831275719,0.8600000000000012,-0.1370967741935483,0.0884773662551441,0.0425000000000004,0.0043916300697494,0.08704592324525247,0.1835450050826817
2025-12-03 02:15:46 EST,97,9.72,10.18,22.79,125,6.5,9.01,10.15,9.595,9.72,10.15,-0.4299999999999997,-0.0448150078165711,1.17,-0.1261261261261261,0.1219385096404377,-0.125,-0.0128600823045267,0.09034047664812056,0.18694974147704893
2025-12-03 03:18:46 EST,96,9.74,10.185,22.8,127,6.5,9.01,10.15,9.5975,9.74,10.15,-0.4100000000000001,-0.0427194581922375,1.174999999999999,-0.1390134529147982,0.1224277155509246,0.0024999999999995,0.0002605523710265,0.0906092877433513,0.19008369513056375
2025-12-03 04:17:46 EST,102,9.74,10.175,22.79,124,6.5,9.004999999999999,10.15,9.59,9.74,10.15,-0.4100000000000001,-0.0427528675703858,1.1700000000000017,-0.0973451327433628,0.1220020855057353,-0.0075000000000002,-0.0007814535035165,0.09142584060157859,0.19318361720623356
2025-12-03 05:15:39 EST,125,9.74,10.14,22.79,141,6.5,9.25,10.15,9.695,9.74,10.15,-0.4100000000000001,-0.0422898401237751,0.8900000000000006,-0.0601503759398496,0.0917998968540485,0.1050000000000004,0.010948905109489,0.0884113384385053,0.19466488662182696
2025-12-03 06:12:48 EST,149,9.69,10.01,22.78,152,6.5,9.295,10.15,9.6525,9.69,10.15,-0.4600000000000008,-0.0476560476560477,0.7149999999999999,-0.0099667774086378,0.074074074074074,-0.0425000000000004,-0.0043837029396596,0.08662214924097432,0.19655384611136656
2025-12-03 07:26:50 EST,173,9.68,9.89,22.81,179,6.5,9.4,10.15,9.645,9.68,10.15,-0.4700000000000006,-0.048729911871436,0.4900000000000002,-0.0170454545454545,0.0508035251425609,-0.0075000000000002,-0.0007770007770008,0.08736888468364858,0.19851446981227686
2025-12-03 08:30:44 EST,166,9.68,9.95,22.81,198,6.5,9.495,10.15,9.7225,9.68,10.15,-0.4700000000000006,-0.0483414759578298,0.4549999999999983,-0.0879120879120879,0.0467986628953456,0.0775000000000005,0.0080352514256091,0.08235741961239695,0.19980467398692037
2025-12-03 09:14:03 EST,176,9.67,9.9,22.81,215,6.5,9.5,10.15,9.7,9.67,10.15,-0.4800000000000004,-0.0494845360824742,0.4000000000000003,-0.0997442455242966,0.0412371134020618,-0.0225000000000008,-0.0023142195937259,0.07824783821152861,0.20150834444606464
2025-12-03 10:14:53 EST,190,9.69,9.805,22.81,227,6.5,9.5,10.15,9.6525,9.69,10.15,-0.4600000000000008,-0.0476560476560477,0.3049999999999997,-0.0887290167865707,0.0315980315980315,-0.0474999999999994,-0.0048969072164947,0.07817784444658087,0.2036976319542575
2025-12-03 11:18:51 EST,172,9.66,9.86,22.82,232,6.5,9.5,10.0,9.68,9.66,10.0,-0.3399999999999998,-0.0351239669421487,0.3599999999999994,-0.1485148514851485,0.037190082644628,0.0274999999999998,0.0028490028490028,0.0740801074434658,0.20549625190063558
2025-12-03 12:16:45 EST,186,9.68,9.8,22.81,227,6.5,9.5,10.0,9.65,9.68,10.0,-0.3200000000000003,-0.033160621761658,0.3000000000000007,-0.099273607748184,0.0310880829015544,-0.0299999999999993,-0.0030991735537189,0.06714471379471683,0.2076645410057236
2025-12-03 13:20:45 EST,205,9.66,9.75,22.81,246,6.5,9.55,10.0,9.65,9.66,10.0,-0.3399999999999998,-0.0352331606217616,0.1999999999999993,-0.0909090909090909,0.0207253886010361,0.0,0.0,0.06077539056082413,0.20998328955745665
2025-12-03 14:12:22 EST,194,9.66,9.77,22.81,223,6.5,9.5,10.0,9.635,9.66,10.0,-0.3399999999999998,-0.0352880124545926,0.2699999999999996,-0.0695443645083932,0.0280228334198235,-0.0150000000000005,-0.0015544041450777,0.057145944452654106,0.21241017113757776
2025-12-03 15:15:10 EST,197,9.64,9.76,22.83,190,6.5,9.415,10.0,9.5875,9.64,10.0,-0.3599999999999994,-0.0375488917861798,0.3450000000000006,0.0180878552971576,0.0359843546284224,-0.0474999999999994,-0.0049299429164503,0.05554081930157366,0.21531553228489742
2025-12-03 16:12:20 EST,163,9.65,9.85,22.81,203,6.5,9.5,12.0,9.675,9.65,12.0,-2.35,-0.2428940568475451,0.3499999999999996,-0.1092896174863388,0.0361757105943152,0.0875000000000003,0.0091264667535854,0.05079430225230667,0.21682222267913437
2025-12-03 17:13:56 EST,166,9.68,9.8,22.8,209,6.5,9.5,10.0,9.65,9.68,10.0,-0.3200000000000003,-0.033160621761658,0.3000000000000007,-0.1146666666666666,0.0310880829015544,-0.0250000000000003,-0.0025839793281654,0.048047827734396885,0.2183638052914868
2025-12-03 18:10:53 EST,160,9.67,9.9,22.81,218,6.5,9.53,10.0,9.715,9.67,10.0,-0.33,-0.0339680905815748,0.370000000000001,-0.1534391534391534,0.0380854348944931,0.0649999999999995,0.0067357512953367,0.04840387156625987,0.21913164902654103
2025-12-03 20:00:42 EST,157,9.68,9.88,22.82,231,6.5,9.55,10.0,9.715,9.68,10.0,-0.3200000000000003,-0.0329387545033453,0.33,-0.190721649484536,0.0339680905815748,0.0,0.0,0.049732982669569686,0.2196595803900764
2025-12-03 22:13:21 EST,119,9.68,10.1,22.81,191,6.5,9.54,10.0,9.82,9.68,10.0,-0.3200000000000003,-0.0325865580448065,0.5600000000000005,-0.232258064516129,0.0570264765784114,0.1050000000000004,0.0108080288214102,0.05432349092852167,0.2190687751246587
2025-12-03 23:23:18 EST,108,9.68,10.115,22.81,160,6.5,9.5,10.0,9.8075,9.68,10.0,-0.3200000000000003,-0.0326280907468774,0.6150000000000002,-0.1940298507462686,0.062707111904155,-0.012500000000001,-0.0012729124236253,0.0607915033870076,0.21854923676555388
2025-12-04 00:13:46 EST,100,9.68,10.165,22.81,147,6.5,9.3,10.0,9.7325,9.68,10.0,-0.3200000000000003,-0.0328795273567942,0.8649999999999984,-0.1902834008097166,0.0888774723863342,-0.0749999999999992,-0.0076472087687993,0.060588897437964674,0.21836816546520527
2025-12-04 01:20:37 EST,92,9.68,10.225,22.81,126,6.5,9.105,10.0,9.665,9.68,10.0,-0.3200000000000003,-0.033109156751164,1.1199999999999992,-0.1559633027522936,0.1158820486290739,-0.0675000000000007,-0.0069355253018238,0.060131197140583965,0.21883948737857167
2025-12-04 02:15:04 EST,89,9.68,10.33,22.81,126,6.5,9.105,10.0,9.7175,9.68,10.0,-0.3200000000000003,-0.0329302804219192,1.2249999999999996,-0.1720930232558139,0.1260612297401595,0.0525000000000002,0.0054319710294878,0.06071882214201304,0.21880390645015252
2025-12-04 03:19:29 EST,83,9.68,10.41,22.81,131,6.5,9.2,10.0,9.805,9.68,10.0,-0.3200000000000003,-0.0326364099949005,1.2100000000000009,-0.2242990654205607,0.1234064252932178,0.0875000000000003,0.0090043735528685,0.0655657513769026,0.21848680498317655
2025-12-04 04:17:00 EST,83,9.68,10.47,22.82,134,6.5,9.21,10.0,9.84,9.68,10.0,-0.3200000000000003,-0.032520325203252,1.2599999999999998,-0.2350230414746544,0.1280487804878048,0.0350000000000001,0.0035696073431922,0.0704128611440235,0.21798142967629477
2025-12-04 05:15:58 EST,112,9.68,10.145,22.82,152,6.5,9.3,10.0,9.7225,9.68,10.0,-0.3200000000000003,-0.0329133453329905,0.8449999999999989,-0.1515151515151515,0.0869118025199278,-0.1174999999999997,-0.011941056910569,0.06771603913783354,0.21811999690126305
2025-12-04 06:13:17 EST,135,9.68,10.05,22.81,185,6.5,9.5,10.0,9.775,9.68,10.0,-0.3200000000000003,-0.0327365728900256,0.5500000000000007,-0.15625,0.0562659846547315,0.0525000000000002,0.0053998457186937,0.06551496122964998,0.21779005123227696
2025-12-04 07:27:33 EST,146,9.68,9.885000000000002,22.8,198,6.5,9.5,10.0,9.6925,9.68,10.0,-0.3200000000000003,-0.0330152179520247,0.3850000000000015,-0.1511627906976744,0.0397214340985299,-0.0824999999999995,-0.0084398976982096,0.0655328459241817,0.218206358357189
2025-12-04 08:31:00 EST,169,9.68,9.87,22.81,217,6.5,9.55,10.0,9.71,9.68,10.0,-0.3200000000000003,-0.0329557157569516,0.3199999999999985,-0.1243523316062176,0.0329557157569514,0.0175,0.0018055197317513,0.06459426041263969,0.21830833095631363
2025-12-04 09:14:16 EST,170,9.7,9.864999999999998,22.82,230,6.5,9.575,10.0,9.72,9.7,10.0,-0.3000000000000007,-0.0308641975308642,0.2899999999999991,-0.15,0.0298353909465019,0.0099999999999997,0.0010298661174047,0.06327132738895479,0.21831671109106848
2025-12-04 10:15:37 EST,197,9.68,9.8,22.81,220,6.84,9.55,10.0,9.675,9.68,10.0,-0.3200000000000003,-0.0330749354005168,0.25,-0.0551558752997601,0.0258397932816537,-0.0449999999999999,-0.0046296296296296,0.06360535238047449,0.21888228616488847
2025-12-04 11:18:22 EST,224,9.65,9.78,22.82,207,6.5,9.5,10.0,9.64,9.65,10.0,-0.3499999999999996,-0.0363070539419086,0.2799999999999993,0.0394431554524361,0.0290456431535269,-0.0350000000000001,-0.0036175710594315,0.06509599586404108,0.2198795503928068
2025-12-04 12:16:35 EST,217,9.63,9.76,22.81,179,6.5,9.45,10.0,9.605,9.63,10.0,-0.3699999999999992,-0.038521603331598,0.3100000000000005,0.0959595959595959,0.032274856845393,-0.0350000000000001,-0.0036307053941908,0.06745738053319882,0.22116525109520865
2025-12-04 13:21:01 EST,217,9.63,9.76,22.81,192,6.5,9.5,10.0,9.63,9.63,10.0,-0.3699999999999992,-0.0384215991692626,0.2599999999999998,0.0611246943765281,0.0269989615784008,0.0250000000000003,0.0026028110359188,0.06897115286502899,0.22210122198828136
2025-12-04 14:13:13 EST,182,9.65,9.88,22.81,206,6.5,9.5,10.0,9.69,9.65,10.0,-0.3499999999999996,-0.0361197110423116,0.3800000000000008,-0.0618556701030927,0.0392156862745098,0.0599999999999987,0.0062305295950154,0.06815204389415996,0.22262810521213333
2025-12-04 15:15:08 EST,161,9.66,9.9,22.81,216,6.5,9.515,10.0,9.7075,9.66,10.0,-0.3399999999999998,-0.0350244656193664,0.3849999999999998,-0.1458885941644562,0.0396600566572237,0.0175,0.0018059855521155,0.06720741405245559,0.22296467195211414
2025-12-04 16:12:27 EST,163,9.69,9.9,22.8,227,6.5,9.53,10.0,9.715,9.69,10.0,-0.3100000000000005,-0.0319094184251158,0.370000000000001,-0.1641025641025641,0.0380854348944931,0.0075000000000002,0.0007725985063095,0.06552040491434695,0.22316112405153404
2025-12-04 17:11:01 EST,187,9.67,9.78,22.79,208,6.5,9.51,10.0,9.645,9.67,10.0,-0.33,-0.0342146189735614,0.2699999999999996,-0.0531645569620253,0.0279937791601865,-0.0700000000000002,-0.0072053525476068,0.06183779623719901,0.2238845870154018
2025-12-04 18:12:40 EST,183,9.67,9.79,22.8,225,6.5,9.53,10.0,9.66,9.67,10.0,-0.33,-0.0341614906832298,0.2599999999999998,-0.1029411764705882,0.0269151138716355,0.0150000000000005,0.0015552099533437,0.062294226475404536,0.2243289460569319
2025-12-04 20:01:08 EST,164,9.68,9.845,22.81,217,6.5,9.55,10.0,9.6975,9.68,10.0,-0.3200000000000003,-0.0329981954111884,0.2949999999999981,-0.1391076115485564,0.0304202113946891,0.0374999999999996,0.0038819875776397,0.06102600642463857,0.2241565189478832
2025-12-04 22:12:55 EST,153,9.69,9.85,22.83,183,6.5,9.5,10.0,9.675,9.69,10.0,-0.3100000000000005,-0.0320413436692506,0.3499999999999996,-0.0892857142857142,0.0361757105943152,-0.022499999999999,-0.002320185614849,0.06150208771638034,0.22409987710562182
2025-12-04 23:22:32 EST,127,9.68,9.9,22.83,150,6.5,9.415,10.0,9.6575,9.68,10.0,-0.3200000000000003,-0.0331348692725861,0.4850000000000012,-0.0830324909747292,0.0502200362412633,-0.0175,-0.0018087855297157,0.06244961737384769,0.2242819368338141
2025-12-05 00:13:26 EST,122,9.69,9.97,22.83,141,6.5,9.4,10.0,9.685,9.69,10.0,-0.3100000000000005,-0.0320082601961797,0.5699999999999985,-0.0722433460076045,0.0588538977800721,0.0274999999999998,0.0028475278281128,0.05788700888020072,0.22465385208758704
2025-12-05 01:20:41 EST,110,9.68,9.995,22.83,131,6.5,9.2,10.0,9.5975,9.68,10.0,-0.3200000000000003,-0.0333420161500391,0.7950000000000017,-0.0871369294605809,0.0828340713727535,-0.0875000000000003,-0.0090345895715023,0.05725926290479723,0.22523673457853194
2025-12-05 02:15:08 EST,96,9.69,10.0,22.83,127,6.5,9.1,10.0,9.55,9.69,10.0,-0.3100000000000005,-0.0324607329842932,0.9000000000000004,-0.1390134529147982,0.0942408376963351,-0.0474999999999994,-0.0049492055222713,0.06370282781583496,0.22618489243465434
2025-12-05 03:18:23 EST,89,9.69,10.05,22.83,125,6.5,9.01,10.0,9.53,9.69,10.0,-0.3100000000000005,-0.0325288562434418,1.040000000000001,-0.1682242990654205,0.1091290661070305,-0.0200000000000013,-0.0020942408376964,0.07120779642520784,0.22773198765930616
2025-12-05 04:14:46 EST,96,9.68,10.0,22.83,133,6.5,9.2,10.0,9.6,9.68,10.0,-0.3200000000000003,-0.0333333333333333,0.8000000000000007,-0.1615720524017467,0.0833333333333334,0.0700000000000002,0.0073452256033578,0.07261017365931055,0.22841391083244067
2025-12-05 05:14:42 EST,126,9.65,9.9,22.83,144,6.5,9.295,10.0,9.5975,9.65,10.0,-0.3499999999999996,-0.0364678301641052,0.6050000000000004,-0.0666666666666666,0.0630372492836676,-0.0024999999999995,-0.0002604166666666,0.06884323388281395,0.22915974469163194
2025-12-05 06:12:48 EST,136,9.67,9.84,22.83,184,6.5,9.5,10.0,9.67,9.67,10.0,-0.33,-0.0341261633919338,0.3399999999999998,-0.15,0.0351602895553257,0.0724999999999997,0.0075540505339932,0.05824103075184998,0.22928046659902449
2025-12-05 07:26:30 EST,161,9.65,9.75,22.8,180,6.5,9.48,10.0,9.615,9.65,10.0,-0.3499999999999996,-0.0364014560582422,0.2699999999999996,-0.0557184750733137,0.0280811232449297,-0.0549999999999997,-0.0056876938986556,0.057377784419772974,0.22980751505630945
2025-12-05 08:27:13 EST,172,9.65,9.76,22.8,196,6.5,9.5,10.0,9.63,9.65,10.0,-0.3499999999999996,-0.0363447559709241,0.2599999999999998,-0.0652173913043478,0.0269989615784008,0.0150000000000005,0.0015600624024961,0.051630568268269915,0.23013159350236692
2025-12-05 09:13:35 EST,167,9.65,9.75,22.81,221,6.5,9.54,10.0,9.645,9.65,10.0,-0.3499999999999996,-0.0362882322446863,0.2100000000000008,-0.1391752577319587,0.0217729393468119,0.0149999999999987,0.0015576323987537,0.050826390889614395,0.23004274244559628
2025-12-05 10:14:13 EST,196,9.63,9.75,22.81,198,6.5,9.5,10.0,9.625,9.63,10.0,-0.3699999999999992,-0.0384415584415583,0.25,-0.0050761421319796,0.0259740259740259,-0.0199999999999995,-0.0020736132711248,0.04924141487000622,0.23003221155826456
2025-12-05 11:16:43 EST,212,9.58,9.72,22.82,172,6.5,9.4,10.0,9.56,9.58,10.0,-0.4199999999999999,-0.0439330543933054,0.3200000000000003,0.1041666666666666,0.0334728033472803,-0.0649999999999995,-0.0067532467532467,0.04937368141693358,0.23068751335772625
2025-12-05 12:13:19 EST,226,9.48,9.7,22.81,144,6.5,9.185,10.0,9.4425,9.48,10.0,-0.5199999999999996,-0.0550701615038389,0.5150000000000006,0.2216216216216216,0.0545406407201483,-0.1174999999999997,-0.0122907949790794,0.06272206925005373,0.23231492335899012
2025-12-05 13:17:02 EST,209,9.5,9.7,22.82,166,6.5,9.3,10.0,9.5,9.5,10.0,-0.5,-0.0526315789473684,0.3999999999999986,0.1146666666666666,0.0421052631578945,0.0574999999999992,0.0060894890124436,0.0678500050729531,0.23313049330515925
2025-12-05 14:10:24 EST,220,9.51,9.7,22.8,178,6.5,9.31,10.0,9.505,9.51,10.0,-0.4900000000000002,-0.0515518148342977,0.3899999999999988,0.1055276381909547,0.0410310362966858,0.0050000000000007,0.0005263157894737,0.0718946491729673,0.23440426416490992
2025-12-05 15:14:49 EST,223,9.47,9.69,22.8,164,6.5,9.265,10.0,9.4775,9.47,10.0,-0.5299999999999994,-0.0559219203376417,0.4249999999999989,0.1524547803617571,0.0448430493273541,-0.0275000000000016,-0.0028932140978434,0.0773150405103966,0.23592516041313671
2025-12-05 16:12:00 EST,195,9.51,9.7,22.8,195,6.5,9.32,10.0,9.51,9.51,10.0,-0.4900000000000002,-0.0515247108307045,0.379999999999999,0.0,0.0399579390115666,0.0325000000000006,0.0034291743603271,0.0781018443944817,0.23703785157260102
2025-12-05 17:12:51 EST,171,9.52,9.74,22.79,193,6.5,9.32,10.0,9.53,9.52,10.0,-0.4800000000000004,-0.0503672612801679,0.4199999999999999,-0.0604395604395604,0.0440713536201469,0.0199999999999995,0.0021030494216613,0.07626351151369479,0.23789632900045535
2025-12-05 18:12:51 EST,173,9.52,9.71,22.8,178,6.5,9.3,10.0,9.505,9.52,10.0,-0.4800000000000004,-0.0504997369805366,0.4100000000000001,-0.0142450142450142,0.0431351920042083,-0.0249999999999985,-0.0026232948583419,0.0741131137058884,0.23836565971570853
2025-12-05 19:58:07 EST,189,9.5,9.7,22.79,164,6.5,9.285,10.0,9.4925,9.5,10.0,-0.5,-0.0526731630234395,0.4149999999999991,0.0708215297450425,0.0437187253094547,-0.012500000000001,-0.0013150973172015,0.07553005628335889,0.23904322760072838
2025-12-05 21:28:27 EST,173,9.5,9.7,22.79,169,6.5,9.31,10.0,9.505,9.5,10.0,-0.5,-0.0526038926880589,0.3899999999999988,0.0116959064327485,0.0410310362966858,0.012500000000001,0.0013168290755861,0.07515736811435995,0.23966230489549617
2025-12-05 22:38:36 EST,162,9.5,9.71,22.79,144,6.5,9.25,10.0,9.48,9.5,10.0,-0.5,-0.0527426160337552,0.4600000000000008,0.0588235294117647,0.0485232067510549,-0.0250000000000003,-0.0026301946344029,0.07283437385250167,0.24035090869388806
2025-12-05 23:14:41 EST,152,9.5,9.71,22.79,125,6.5,9.0,10.0,9.355,9.5,10.0,-0.5,-0.0534473543559593,0.7100000000000009,0.0974729241877256,0.0758952431854624,-0.125,-0.0131856540084388,0.08086797031693978,0.24215617611349413
2025-12-06 00:12:43 EST,142,9.49,9.725,22.79,118,6.5,9.0,10.0,9.3625,9.49,10.0,-0.5099999999999998,-0.0544726301735647,0.7250000000000014,0.0923076923076923,0.0774365821094794,0.0075000000000002,0.0008017103153394,0.08647274849267232,0.24360889741816835
2025-12-06 01:18:17 EST,120,9.5,9.75,22.79,105,6.5,8.98,10.0,9.365,9.5,10.0,-0.5,-0.0533902829684997,0.7699999999999996,0.0666666666666666,0.0822210357714895,0.0024999999999995,0.0002670226969291,0.08786930347252324,0.24526175938287173
2025-12-06 02:11:40 EST,109,9.5,9.75,22.79,102,6.5,8.855,10.0,9.3025,9.5,10.0,-0.5,-0.0537489922063961,0.8949999999999996,0.0331753554502369,0.096210696049449,-0.0625,-0.0066737853710624,0.0976765866505519,0.24790667654132592
2025-12-06 03:15:55 EST,98,9.5,9.935,22.79,97,6.5,8.63,10.0,9.2825,9.5,10.0,-0.5,-0.0538647993536224,1.3049999999999995,0.0051282051282051,0.1405871263129544,-0.0199999999999995,-0.0021499596882557,0.10818155825783791,0.2507584939241746
2025-12-06 04:12:27 EST,106,9.5,9.75,22.79,97,6.5,8.63,10.0,9.19,9.5,10.0,-0.5,-0.0544069640914037,1.1199999999999992,0.0443349753694581,0.1218715995647442,-0.0925000000000011,-0.0099649878804202,0.1254621438805103,0.2548350204433883
2025-12-06 05:12:37 EST,117,9.48,9.72,22.86,117,6.5,9.01,10.0,9.365,9.48,10.0,-0.5199999999999996,-0.0555258942872396,0.7100000000000009,0.0,0.0758142018152697,0.1750000000000007,0.0190424374319913,0.1256316919047972,0.25606972297121466
2025-12-06 06:10:02 EST,131,9.49,9.72,22.86,132,6.5,9.25,10.0,9.485,9.49,10.0,-0.5099999999999998,-0.0537691091196626,0.4700000000000006,-0.0038022813688212,0.0495519240906695,0.1199999999999992,0.0128136679124398,0.12311844773999271,0.2564950553720496
2025-12-06 07:23:00 EST,156,9.5,9.7,22.86,156,6.5,9.34,10.0,9.52,9.5,10.0,-0.5,-0.0525210084033613,0.3599999999999994,0.0,0.0378151260504201,0.0350000000000001,0.003690036900369,0.11641380464977381,0.2566268336808722
2025-12-06 08:21:20 EST,159,9.5,9.71,22.87,163,6.5,9.35,10.0,9.53,9.5,10.0,-0.5,-0.0524658971668415,0.3600000000000012,-0.0124223602484472,0.037775445960126,0.0099999999999997,0.0010504201680672,0.1130143235118131,0.2566005733738782
2025-12-06 09:10:58 EST,161,9.5,9.7,22.85,165,6.5,9.32,10.0,9.51,9.5,10.0,-0.5,-0.0525762355415352,0.379999999999999,-0.0122699386503067,0.0399579390115666,-0.0199999999999995,-0.0020986358866736,0.10794754328580795,0.2567017454291805
2025-12-06 10:11:34 EST,153,9.51,9.72,22.84,186,6.5,9.395,10.0,9.5575,9.51,10.0,-0.4900000000000002,-0.0512686371959194,0.325000000000001,-0.0973451327433628,0.0340047083442323,0.0474999999999994,0.0049947423764457,0.10278939131731135,0.2563941488645106
2025-12-06 11:14:11 EST,139,9.54,9.8,22.84,200,6.5,9.405,10.0,9.6025,9.54,10.0,-0.4600000000000008,-0.0479041916167665,0.3949999999999996,-0.1799410029498525,0.0411351210622233,0.0449999999999999,0.0047083442322783,0.10127784104604794,0.2556749330137236
2025-12-06 12:10:31 EST,141,9.55,9.75,22.85,199,6.5,9.42,10.0,9.585,9.55,10.0,-0.4499999999999993,-0.0469483568075116,0.33,-0.1705882352941176,0.0344287949921752,-0.0174999999999982,-0.0018224420723768,0.10251899788589565,0.2551180558336627
2025-12-06 13:16:58 EST,182,9.56,9.66,22.86,176,6.5,9.385000000000002,10.0,9.5225,9.56,10.0,-0.4399999999999995,-0.0462063533735888,0.2749999999999986,0.0167597765363128,0.0288789708584928,-0.0625,-0.0065206051121544,0.10333567084776345,0.25521446974757456
2025-12-06 14:09:43 EST,188,9.52,9.65,22.86,164,6.5,9.31,10.0,9.48,9.52,10.0,-0.4800000000000004,-0.0506329113924051,0.3399999999999998,0.0681818181818181,0.0358649789029535,-0.0425000000000004,-0.0044631136781307,0.10307939812994962,0.255652499622416
2025-12-06 15:13:24 EST,202,9.53,9.614999999999998,22.86,176,6.5,9.35,10.0,9.4825,9.53,10.0,-0.4700000000000006,-0.0495649881360401,0.2649999999999988,0.0687830687830687,0.0279462167150011,0.0024999999999995,0.0002637130801687,0.1027462026343999,0.2559395687762464
2025-12-06 16:10:59 EST,192,9.54,9.655,22.86,191,6.5,9.4,10.0,9.5275,9.54,10.0,-0.4600000000000008,-0.0482812909997376,0.2550000000000008,0.0026109660574412,0.0267646287063763,0.0449999999999999,0.0047455839704719,0.10365681383459516,0.2558967665258105
2025-12-06 17:11:35 EST,201,9.5,9.6,22.86,194,6.5,9.4,10.0,9.5,9.5,10.0,-0.5,-0.0526315789473684,0.1999999999999993,0.0177215189873417,0.0210526315789472,-0.0274999999999998,-0.0028863815271582,0.10346832945045285,0.2558544181433335
2025-12-06 18:11:50 EST,209,9.5,9.6,22.85,177,6.5,9.38,10.0,9.49,9.5,10.0,-0.5,-0.0526870389884088,0.2199999999999988,0.082901554404145,0.0231822971548997,-0.0099999999999997,-0.0010526315789473,0.10260858290720105,0.25571922416356824
2025-12-06 20:06:54 EST,174,9.51,9.655,22.85,185,6.5,9.4,10.0,9.5275,9.51,10.0,-0.4900000000000002,-0.0514300708475466,0.2550000000000008,-0.0306406685236768,0.0267646287063763,0.0374999999999996,0.0039515279241306,0.10315581994438255,0.2551825526133908
2025-12-06 22:21:10 EST,153,9.53,9.69,22.85,150,6.5,9.3,10.0,9.495,9.53,10.0,-0.4700000000000006,-0.0494997367035282,0.3899999999999988,0.0099009900990099,0.0410742496050551,-0.0325000000000006,-0.0034111781684597,0.10319219922976801,0.2547835481374612
2025-12-06 23:27:30 EST,120,9.53,9.775,22.84,131,6.5,9.2,10.0,9.4875,9.53,10.0,-0.4700000000000006,-0.0495388669301713,0.5750000000000011,-0.0438247011952191,0.0606060606060607,-0.0074999999999985,-0.0007898894154816,0.10291648330672763,0.2544996890689692
2025-12-07 00:12:07 EST,105,9.52,9.8,22.83,120,6.5,9.1,10.0,9.45,9.52,10.0,-0.4800000000000004,-0.0507936507936508,0.7000000000000011,-0.0666666666666666,0.0740740740740742,-0.0375000000000014,-0.0039525691699606,0.10282667103117932,0.2544332926138452
2025-12-07 01:18:01 EST,98,9.53,9.87,22.82,114,6.5,9.01,10.0,9.44,9.53,10.0,-0.4700000000000006,-0.0497881355932204,0.8600000000000012,-0.0754716981132075,0.0911016949152543,-0.0099999999999997,-0.001058201058201,0.10058974650252062,0.254461683324341
2025-12-07 02:12:18 EST,96,9.53,9.895,22.82,106,6.5,9.0,10.0,9.4475,9.53,10.0,-0.4700000000000006,-0.049748610743583,0.8949999999999996,-0.0495049504950495,0.0947340566287377,0.0075000000000002,0.0007944915254237,0.09845063318183973,0.2543292320663617
2025-12-07 03:15:42 EST,95,9.52,9.85,22.82,111,6.5,9.01,10.0,9.43,9.52,10.0,-0.4800000000000004,-0.0509013785790032,0.8399999999999999,-0.0776699029126213,0.0890774125132555,-0.0175,-0.0018523418893887,0.09647219318520317,0.25435027924007647
2025-12-07 04:12:17 EST,98,9.52,9.825,22.81,106,6.5,9.0,10.0,9.4125,9.52,10.0,-0.4800000000000004,-0.050996015936255,0.8249999999999993,-0.0392156862745098,0.0876494023904381,-0.0175,-0.0018557794273594,0.09075668219096071,0.25436639890106505
2025-12-07 05:12:05 EST,110,9.52,9.75,22.81,110,6.5,9.01,10.0,9.38,9.52,10.0,-0.4800000000000004,-0.0511727078891258,0.7400000000000002,0.0,0.0788912579957356,-0.0324999999999988,-0.0034528552456838,0.08383951791658283,0.2546319611122387
2025-12-07 06:09:51 EST,128,9.52,9.69,22.81,142,6.5,9.31,12.0,9.5,9.52,12.0,-2.4800000000000004,-0.2610526315789474,0.379999999999999,-0.0518518518518518,0.0399999999999999,0.1199999999999992,0.0127931769722813,0.057714529699185994,0.2538498970579783
2025-12-07 07:22:14 EST,142,9.52,9.7,22.81,145,6.5,9.3,10.0,9.5,9.52,10.0,-0.4800000000000004,-0.0505263157894737,0.3999999999999986,-0.0104529616724738,0.0421052631578945,0.0,0.0,0.05136971260559013,0.25309741763607174
2025-12-07 08:19:41 EST,154,9.51,9.7,22.8,165,6.5,9.4,10.0,9.55,9.51,10.0,-0.4900000000000002,-0.0513089005235602,0.2999999999999989,-0.0344827586206896,0.0314136125654449,0.0500000000000007,0.0052631578947369,0.05255938239295442,0.2520898535614616
2025-12-07 09:11:16 EST,149,9.51,9.69,22.8,165,6.5,9.4,10.0,9.545,9.51,10.0,-0.4900000000000002,-0.0513357778941854,0.2899999999999991,-0.0509554140127388,0.0303823991618647,-0.0050000000000007,-0.0005235602094241,0.053278284826471005,0.25107966714079155
2025-12-07 10:11:06 EST,146,9.51,9.695,22.8,181,6.5,9.4,10.0,9.5475,9.51,10.0,-0.4900000000000002,-0.0513223356899712,0.2949999999999999,-0.1070336391437308,0.0308981408745744,0.0024999999999995,0.0002619172341539,0.05385164807127649,0.24987813495072445
2025-12-07 11:13:49 EST,160,9.52,9.65,22.8,185,6.5,9.4,10.0,9.525,9.52,10.0,-0.4800000000000004,-0.0503937007874016,0.25,-0.072463768115942,0.0262467191601049,-0.022499999999999,-0.0023566378633149,0.05407447561498966,0.24868794523036247
2025-12-07 12:10:16 EST,175,9.5,9.65,22.84,180,6.5,9.4,10.0,9.525,9.5,10.0,-0.5,-0.0524934383202099,0.25,-0.0140845070422535,0.0262467191601049,0.0,0.0,0.052950854812315575,0.24803471139136102
2025-12-07 13:16:54 EST,176,9.5,9.62,22.83,176,6.5,9.4,10.0,9.51,9.5,10.0,-0.5,-0.0525762355415352,0.2200000000000006,0.0,0.0231335436382755,-0.0150000000000005,-0.0015748031496063,0.04816562608566819,0.24741761450580246
2025-12-07 14:09:38 EST,167,9.52,9.65,22.8,183,6.5,9.4,10.0,9.525,9.52,10.0,-0.4800000000000004,-0.0503937007874016,0.25,-0.0457142857142857,0.0262467191601049,0.0150000000000005,0.0015772870662461,0.044676778003187166,0.24645595122158304
2025-12-07 15:13:14 EST,161,9.52,9.65,22.81,186,6.5,9.4,10.0,9.525,9.52,10.0,-0.4800000000000004,-0.0503937007874016,0.25,-0.0720461095100864,0.0262467191601049,0.0,0.0,0.04475464007187927,0.2463565626295219
2025-12-07 16:10:39 EST,159,9.52,9.63,22.81,185,6.5,9.4,10.0,9.515,9.52,10.0,-0.4800000000000004,-0.0504466631634262,0.2300000000000004,-0.0755813953488372,0.024172359432475,-0.0099999999999997,-0.0010498687664041,0.0449243274770792,0.24628060132296617
2025-12-07 17:11:48 EST,174,9.51,9.6,22.79,169,6.5,9.4,10.0,9.5,9.51,10.0,-0.4900000000000002,-0.051578947368421,0.1999999999999993,0.0145772594752186,0.0210526315789472,-0.0150000000000005,-0.0015764582238571,0.04488461454865037,0.24575253912463565
2025-12-07 18:11:31 EST,167,9.51,9.6,20.7,182,6.5,9.4,10.0,9.5,9.51,10.0,-0.4900000000000002,-0.051578947368421,0.1999999999999993,-0.0429799426934097,0.0210526315789472,0.0,0.0,0.04433881715285401,0.2449871518166016
2025-12-07 20:01:13 EST,138,9.51,9.64,20.7,178,6.5,9.4,10.0,9.52,9.51,10.0,-0.4900000000000002,-0.0514705882352941,0.2400000000000002,-0.1265822784810126,0.0252100840336134,0.0199999999999995,0.0021052631578946,0.04466651288360115,0.24409614614441016
2025-12-07 22:15:26 EST,105,9.53,9.85,20.7,168,6.5,9.395,10.0,9.6225,9.53,10.0,-0.4700000000000006,-0.0488438555468953,0.455,-0.2307692307692307,0.0472850090932709,0.1025000000000009,0.0107668067226891,0.05181313973566943,0.24231479834439568
2025-12-07 23:27:20 EST,94,9.55,9.87,20.7,138,6.5,9.245,10.0,9.5575,9.55,10.0,-0.4499999999999993,-0.047083442322783,0.625,-0.1896551724137931,0.0653936698927543,-0.0650000000000012,-0.0067550012990388,0.052877353306933744,0.24065119779887187
2025-12-08 00:15:53 EST,90,9.55,9.985,20.7,132,6.5,9.2,10.0,9.5925,9.55,10.0,-0.4499999999999993,-0.0469116497263486,0.7850000000000001,-0.1891891891891892,0.0818347667448527,0.0350000000000001,0.0036620455139942,0.056090857808585186,0.23899020162808007
2025-12-08 01:22:36 EST,78,9.55,9.995,20.7,116,6.5,9.11,10.0,9.5525,9.55,10.0,-0.4499999999999993,-0.047108086888249,0.8850000000000016,-0.1958762886597938,0.0926459042135568,-0.0399999999999991,-0.0041699244201197,0.05680014782965895,0.23728664224925877
2025-12-08 02:18:15 EST,81,9.55,10.0,20.7,111,6.5,9.0,10.0,9.5,9.55,10.0,-0.4499999999999993,-0.0473684210526315,1.0,-0.15625,0.1052631578947368,-0.0525000000000002,-0.0054959434702957,0.0555138014892693,0.23575382297372954
2025-12-08 03:21:11 EST,73,9.55,10.0,20.7,111,6.5,9.0,10.0,9.5,9.55,10.0,-0.4499999999999993,-0.0473684210526315,1.0,-0.2065217391304347,0.1052631578947368,0.0,0.0,0.05357582582015695,0.234050976712935
2025-12-08 04:20:29 EST,77,9.55,10.0,20.7,116,6.5,9.105,10.0,9.5525,9.55,10.0,-0.4499999999999993,-0.047108086888249,0.8949999999999996,-0.2020725388601036,0.093692750588851,0.0525000000000002,0.0055263157894737,0.05237292678605979,0.2320565576249348
2025-12-08 05:15:36 EST,95,9.54,9.89,20.7,126,6.5,9.245,10.0,9.5675,9.54,10.0,-0.4600000000000008,-0.0480794355892344,0.6449999999999996,-0.1402714932126696,0.0674157303370786,0.0150000000000005,0.0015702695629416,0.050006793016741984,0.23005583602065516
2025-12-08 06:12:25 EST,130,9.53,9.72,20.7,151,6.5,9.32,10.0,9.52,9.53,10.0,-0.4700000000000006,-0.0493697478991597,0.4000000000000003,-0.0747330960854092,0.0420168067226891,-0.0475000000000012,-0.0049647243271493,0.04426930410820996,0.2281679831172271
2025-12-08 07:26:55 EST,134,9.52,9.705,20.7,164,6.5,9.3,10.0,9.5025,9.52,10.0,-0.4800000000000004,-0.0505130228887135,0.4049999999999993,-0.1006711409395973,0.0426203630623519,-0.0175,-0.0018382352941176,0.032031885156201624,0.2261199493660839
2025-12-08 08:29:55 EST,161,9.52,9.61,20.7,193,6.5,9.4,10.0,9.505,9.52,10.0,-0.4800000000000004,-0.0504997369805366,0.209999999999999,-0.0903954802259887,0.0220936349289846,0.0025000000000012,0.0002630886608788,0.03183403519968644,0.22409783132061695
2025-12-08 09:14:05 EST,163,9.51,9.6,20.7,193,6.5,9.4,10.0,9.5,9.51,10.0,-0.4900000000000002,-0.051578947368421,0.1999999999999993,-0.0842696629213483,0.0210526315789472,-0.0050000000000007,-0.0005260389268806,0.03183403519968644,0.22196387809916027
2025-12-08 10:14:41 EST,179,9.51,9.6,20.7,216,6.5,9.4,10.0,9.5,9.51,10.0,-0.4900000000000002,-0.051578947368421,0.1999999999999993,-0.0936708860759493,0.0210526315789472,0.0,0.0,0.03221587060493564,0.21950304311173022
2025-12-08 11:17:51 EST,152,9.53,9.655,20.7,225,6.5,9.41,10.0,9.5325,9.53,10.0,-0.4700000000000006,-0.0493050091791241,0.245000000000001,-0.1936339522546419,0.0257015473380541,0.0325000000000006,0.003421052631579,0.03205644224058246,0.2156593935266702
2025-12-08 12:14:21 EST,160,9.53,9.605,20.7,232,6.5,9.45,10.0,9.5275,9.53,10.0,-0.47000000000000064,-0.04933088428234066,0.15500000000000114,-0.1836734693877551,0.016268695880346486,-0.005000000000000782,-0.0005245213742460825,0.03181535695853726,0.2122509101960834
